rpf_key,code,name,rpt_file,group,sql_len,legacy_tables
1,SQL01005001,รายงานรายละเอียดประเภทป้ายราคา,SP010001.rpt,SQL,280,PRICETAG
2,SQL01005003,รายงานรายละเอียดประเภทป้ายราคา แบบที่ 2,SP010003.rpt,SQL,1036,SKUMASTER
3,SQL01005002,รายงานรายละเอียดประเภทป้ายราคา แบบที่ 1,SP010002.rpt,SQL,1036,SKUMASTER
4,SQL00205001,รายงานรายละเอียดนาทีทอง (Hot Price),SA002001.rpt,SQL,985,ARPRICETAB HOTPRICE
5,RP9310001,รายงานรายละเอียดนาทีทองพร้อมรูป รูปแบบที่ 1 (Hot Price),DOC11702_2.rpt,RP,0,
6,RP9310002,รายงานรายละเอียดนาทีทองพร้อมรูป รูปแบบที่ 2 (Hot Price),DOC11702_3.rpt,RP,0,
7,SQL04005001,รายงานรายชื่อแคมเปญ,SP040001.RPT,SQL,297,ARCAMPAIGN
8,SQL01209002,รายงานรายชื่อสมาชิก ตามรหัสสมาชิก,MB012002.rpt,SQL,476,MEMBER SYSLOOKUP
11,SQL01209020,บัตรสมาชิก,MB012020.rpt,SQL,535,MBTYPE MEMBER SYSLOOKUP
12,SQL05090004,รายงานรายชื่อสมาชิก พร้อมประวัติส่วนตัว,SETMBD003.rpt,SQL,424,ADDRBOOK MBTYPE MEMBER SYSLOOKUP
13,SQL05090002,รายงานรายชื่อสมาชิก พร้อมที่อยู่,SETMBD002.rpt,SQL,866,MBTYPE MEMBER SYSLOOKUP
15,SQL03004009,รายงานรายละเอียดสินค้าคงเหลือ ตามคลัง - ไม่แสดงทุน,IC030007.rpt,SQL,882,BRAND DOCINFO DOCTYPE ICCAT ICDEPT SKUMASTER SKUMOVE UOFQTY WAREHOUSE WARELOCATION
16,RP174020001,รายงานสรุปสินค้าคงเหลือ แสดงจำนวนค้างรับและจำนวนค้างส่ง,IC174001.rpt,RP,0,
17,RP179020001,รายงานรายละเอียดสินค้าคงเหลือแสดงเอกสารค้างรับและค้างส่ง,IC179001.rpt,RP,0,
19,SQL03004006,รายงานสินค้าคงเหลือ ตามเลขที่กำกับ (Serial) - ไม่แสดงทุน,IC030002.rpt,SQL,967,BRAND DOCINFO DOCTYPE ICCAT ICDEPT SKUMASTER SKUMOVE UOFQTY WAREHOUSE WARELOCATION
20,RP16104022,รายงานสรุปสินค้าคงเหลือในคลัง ตามหมวดสินค้า,IC161022.rpt,RP,0,
21,RP16104010,รายงานสรุปสินค้าคงเหลือในคลัง ไม่แสดงทุน,IC161010.rpt,RP,0,
22,SQL03004007,สรุปสินค้าคงเหลือ - ตามเลขที่กำกับ - แบบสรุป (ไม่แสดงทุน),IC030005.rpt,SQL,579,BRAND DOCINFO DOCTYPE ICCAT ICDEPT SKUMASTER SKUMOVE UOFQTY WAREHOUSE WARELOCATION
23,RP16104020,รายงานสรุปสินค้าคงเหลือในคลัง ตามประเภทสินค้า,IC161020.rpt,RP,0,
24,RP16104021,รายงานสรุปสินค้าคงเหลือในคลัง ตามยี่ห้อสินค้า,IC161021.rpt,RP,0,
27,SQL02104030,รายงานรายละเอียดสินค้าพร้อม UPRICE,IC021030.rpt,SQL,1544,ARPLU ARPRICETAB ARUPRC BRAND GOODSMASTER ICCAT ICDEPT PRICETAG SKUALT SKUMASTER UOFQTY WAREHOUSE WARELOCATION
28,SQL02104031,รายงานรายละเอียดสินค้าพร้อม UDSC,IC021031.rpt,SQL,1544,ARPLU ARPRICETAB ARUDSC BRAND GOODSMASTER ICCAT ICDEPT PRICETAG SKUALT SKUMASTER UOFQTY WAREHOUSE WARELOCATION
29,SQL02104032,รายงานรายละเอียดสินค้าพร้อม UFREE,IC021032.rpt,SQL,1532,ARPLU ARPRICETAB ARUFREE BRAND GOODSMASTER ICCAT ICDEPT PRICETAG SKUALT SKUMASTER UOFQTY WAREHOUSE WARELOCATION
30,SQL02104023,รายงานรหัสซื้อขาย ตามสีสินค้า,IC021023.rpt,SQL,2227,ARPLU ARPRICETAB BRAND GOODSMASTER ICCAT ICCOLOR ICDEPT ICGL ICPRT ICSIZE PRICETAG SKUALT SKUMASTER UOFQTY WAREHOUSE WARELOCATION
31,SQL02104024,รายงานรหัสซื้อขาย ตามขนาดสินค้า,IC021024.rpt,SQL,2227,ARPLU ARPRICETAB BRAND GOODSMASTER ICCAT ICCOLOR ICDEPT ICGL ICPRT ICSIZE PRICETAG SKUALT SKUMASTER UOFQTY WAREHOUSE WARELOCATION
32,SQL021040352,รายงานรหัสซื้อขาย ตามผู้จำหน่ายหลัก,IC021036.rpt,SQL,2356,APFILE ARPLU ARPRICETAB BRAND GOODSMASTER ICCAT ICCOLOR ICDEPT ICGL ICPRT ICSIZE PRICETAG SKUALT SKUAP SKUMASTER UOFQTY WAREHOUSE WARELOCATION
33,SQL021040351,รายงานรหัสซื้อขาย ตามผู้จำหน่าย,IC021035.rpt,SQL,2358,APFILE ARPLU ARPRICETAB BRAND GOODSMASTER ICCAT ICCOLOR ICDEPT ICGL ICPRT ICSIZE PRICETAG SKUALT SKUAP SKUMASTER UOFQTY WAREHOUSE WARELOCATION
34,SQL02104022,รายงานรหัสซื้อขาย ตามประเภทสินค้า,IC021022.rpt,SQL,2227,ARPLU ARPRICETAB BRAND GOODSMASTER ICCAT ICCOLOR ICDEPT ICGL ICPRT ICSIZE PRICETAG SKUALT SKUMASTER UOFQTY WAREHOUSE WARELOCATION
35,SQL02104025,รายงานรหัสซื้อขาย ตามหมวดสินค้า,IC021025.rpt,SQL,2227,ARPLU ARPRICETAB BRAND GOODSMASTER ICCAT ICCOLOR ICDEPT ICGL ICPRT ICSIZE PRICETAG SKUALT SKUMASTER UOFQTY WAREHOUSE WARELOCATION
36,SQL02104021,รายงานรหัสซื้อขาย ตามยี่ห้อสินค้า,IC021021.rpt,SQL,2227,ARPLU ARPRICETAB BRAND GOODSMASTER ICCAT ICCOLOR ICDEPT ICGL ICPRT ICSIZE PRICETAG SKUALT SKUMASTER UOFQTY WAREHOUSE WARELOCATION
37,SQL01104102,รายงานคลังสินค้า,IC011102.rpt,SQL,267,WAREHOUSE
38,SQL01104101,รายงานคลังสินค้าและตำแหน่งเก็บ,IC011101.rpt,SQL,367,WAREHOUSE
39,SQL01004101,รายงานหน่วยนับสินค้าเรียงตามชื่อ,IC010101.rpt,SQL,93,UOFQTY
41,SQL010104102,รายงานรายชื่อหน่วยนับสินค้าเรียงตามรหัส,IC010102.rpt,SQL,93,UOFQTY
42,SQL24040006,รายงานรหัสยี่ห้อสินค้า,SETBRN001.rpt,SQL,497,MISCLOOKUP
43,SQL02104008,รายงานรหัสสินค้า ตามเครื่องพิมพ์,IC021008.rpt,SQL,1699,APFILE BRAND ICCAT ICCOLOR ICDEPT ICGL ICPRT ICSIZE SKUALT SKUAP SKUMASTER UOFQTY WAREHOUSE WARELOCATION
44,SQL04104003,รายงานรหัสสินค้า ตามประเภทสินค้า,IC021003.rpt,SQL,1699,APFILE BRAND ICCAT ICCOLOR ICDEPT ICGL ICPRT ICSIZE SKUALT SKUAP SKUMASTER UOFQTY WAREHOUSE WARELOCATION
45,SQL02104007,รายงานรหัสสินค้า ตามหมวด,IC021007.rpt,SQL,1699,APFILE BRAND ICCAT ICCOLOR ICDEPT ICGL ICPRT ICSIZE SKUALT SKUAP SKUMASTER UOFQTY WAREHOUSE WARELOCATION
46,SQL02104002,รายงานรหัสสินค้า ตามยี่ห้อ,IC021002.rpt,SQL,1699,APFILE BRAND ICCAT ICCOLOR ICDEPT ICGL ICPRT ICSIZE SKUALT SKUAP SKUMASTER UOFQTY WAREHOUSE WARELOCATION
47,SQL02104004,รายงานรหัสสินค้า ตามประเภททดแทน,IC021004.rpt,SQL,1699,APFILE BRAND ICCAT ICCOLOR ICDEPT ICGL ICPRT ICSIZE SKUALT SKUAP SKUMASTER UOFQTY WAREHOUSE WARELOCATION
48,SQL02104005,รายงานรหัสสินค้า ตามสี,IC021005.rpt,SQL,1699,APFILE BRAND ICCAT ICCOLOR ICDEPT ICGL ICPRT ICSIZE SKUALT SKUAP SKUMASTER UOFQTY WAREHOUSE WARELOCATION
49,SQL02104006,รายงานรหัสสินค้า ตามขนาด,IC021006.rpt,SQL,1699,APFILE BRAND ICCAT ICCOLOR ICDEPT ICGL ICPRT ICSIZE SKUALT SKUAP SKUMASTER UOFQTY WAREHOUSE WARELOCATION
50,SQL24040005,รายงานรหัสหมวดสินค้า,SETICD001.rpt,SQL,557,MISCLOOKUP
51,SQL24040003,รายงานแสดงรหัสสินค้าทดแทน,SETALT001.rpt,SQL,265,MISCLOOKUP
52,SQL24040002,รายงานแสดงรหัสสี,SETCOL001.rpt,SQL,282,MISCLOOKUP
53,SQL24040001,รายงานแสดงรหัสขนาด,SETSIZ001.rpt,SQL,265,MISCLOOKUP
54,SQL01004801,รายงานเครื่องพิมพ์สำหรับจัดสินค้า,IC010801.rpt,SQL,79,ICPRT
55,SQL01004901,รายงานวิธีจัดส่งสินค้า,IC010901.rpt,SQL,84,SHIPBY
56,SQL011040011,รายงานประเภทการลงบัญชีทั่วไป,IC011001.RPT,SQL,3459,ICGL
57,SQL24040004,รายงานรหัสประเภทสินค้า,SETICC001.rpt,SQL,477,MISCLOOKUP
58,POS01008005,รายงานสรุปยอดขายสินค้า - แสดงขนาดบรรจุ (รหัสซื้อขาย),POS01005.rpt,POS,0,
59,POS01308001,รายงานสรุปยอดขายตามสินค้า-ราคาปกติ พร้อมทุนแยกสาขา,POS01301.rpt,POS,0,
60,POS01308006,รายงานสรุปยอดขายตามสินค้า-ราคาปกติ สรุปตามสาขา,POS01306.rpt,POS,0,
61,POS01308003,รายงานสรุปยอดขายตามสินค้า- แยกประเภทภาษีตามสาขา,POS01303.rpt,POS,0,
62,POS01308009,รายงานสรุปยอดขายตามสินค้า- แยกประเภทภาษีตามเครื่อง,POS01309.rpt,POS,0,
63,POS01308002,รายงานสรุปยอดขายตามสินค้า- แยกประเภทภาษี,POS01302.rpt,POS,0,
66,POS01608001,รายงานสรุปยอดขาย - ตามรหัสซื้อขาย,POS01601.rpt,POS,0,
67,POS01508001,รายงานสรุปยอดขายตามรหัสซื้อขาย - ราคานาทีทอง สรุปตามสาขา,POS01501.rpt,POS,0,
68,POS01608002,รายงานสรุปยอดขายตามรหัสซื้อขาย - พร้อมทุนและ%เทียบ,POS01602.rpt,POS,0,
69,POS01508002,รายงานสรุปยอดขายตามรหัสซื้อขาย - สรุปตามสาขา,POS01502.rpt,POS,0,
72,POS01908003,รายงานสรุปสินค้าขายตามผู้จำหน่าย แจงตามยี่ห้อและสาขา,POS01903.rpt,POS,0,
73,POS01908004,รายงานสรุปสินค้าขายตามสาขา แจงตามผู้จำหน่ายและยี่ห้อ,POS01904.rpt,POS,0,
74,POS01008018,รายงานสรุปยอดขายแต่ละวัน - ตามยี่ห้อและผู้จำหน่าย,POS01018.rpt,POS,0,
75,POS01008026,รายงานสรุปยอดขายตามรหัสซื้อขายและผู้จำหน่าย,POS01026.rpt,POS,0,
76,POS02108002,รายงานสรุปสินค้าขายตามผู้จำหน่ายสรุปตามสาขา,POS02102.rpt,POS,0,
79,POS02808001,รายงานรายละเอียดการชำระโดยบัตรเครคิต,POS02801.rpt,POS,0,
80,POS02808002,รายงานการชำระโดยบัตรเครคิตสรุปตามประเภทบัตร,POS02802.rpt,POS,0,
81,POS02808003,รายงานสรุปการชำระโดยบัตรเครคิตแยกประเภทบัตร,POS02803.rpt,POS,0,
82,POS02608001,รายงานรายละเอียดการชำระโดยโอนเข้าบัญชีลูกหนี้,POS02601.rpt,POS,0,
83,POS02708001,รายงานรายละเอียดการชำระโดยเช็ค,POS02701.rpt,POS,0,
84,POS02908001,รายงานรายละเอียดคูปองห้าง,POS02901.rpt,POS,0,
85,POS03008001,รายงานรายละเอียดคูปองคู่ค้า,POS03001.rpt,POS,0,
86,POS03108001,รายงานรายละเอียดคูปองซัพพลายเออร์,POS03101.rpt,POS,0,
87,POS02508012,รายละเอียดรับชำระคูปองเงินสด,POS02511.rpt,POS,0,
91,POS02508002,รายงานรายละเอียดรับชำระ - ตามเอกสาร,POS02502.rpt,POS,0,
92,POS02508007,รายงานสรุปรวมการชำระแต่ละวันพร้อม%เทียบ,POS02507.rpt,POS,0,
93,POS03908001,รายงาน X (สรุปตามแคชเชียร์),POS03901.rpt,POS,0,
94,POS03508001,รายงาน Z (สรุปตามเครื่อง Pos),POS03501.rpt,POS,0,
96,POS031213,จัดอันดับจำนวนสินค้าขายตามประเภทสินค้าพร้อมทุน(น้อยไปมาก),POS031213.rpt,POS,0,
97,POS031223,จัดอันดับจำนวนสินค้าขายตามยี่ห้อสินค้าพร้อมทุน(น้อยไปมาก),POS031213.rpt,POS,0,
98,POS031233,จัดอันดับจำนวนสินค้าขายตามหมวดสินค้าพร้อมทุน(น้อยไปมาก),POS031213.rpt,POS,0,
99,POS031243,จัดอันดับจำนวนสินค้าขายตามผู้จำหน่ายหลักพร้อมทุน(น้อยไปมาก),POS031213.rpt,POS,0,
100,POS031283,จัดอันดับจำนวนสินค้าพร้อมทุน(น้อยไปมาก),POS031213.rpt,POS,0,
101,POS031212,จัดอันดับยอดขายสินค้าตามประเภทสินค้าพร้อมทุน(น้อยไปมาก),POS031212.rpt,POS,0,
102,POS031222,จัดอันดับยอดขายสินค้าตามยี่ห้อสินค้าพร้อมทุน(น้อยไปมาก),POS031212.rpt,POS,0,
103,POS031232,จัดอันดับยอดขายสินค้าตามหมวดสินค้าพร้อมทุน(น้อยไปมาก),POS031212.rpt,POS,0,
104,POS031242,จัดอันดับยอดขายสินค้าตามผู้จำหน่ายหลักพร้อมทุน(น้อยไปมาก),POS031212.rpt,POS,0,
105,POS031282,จัดอันดับยอดขายสินค้าพร้อมทุน(น้อยไปมาก),POS031212.rpt,POS,0,
106,POS031215,จัดอันดับจำนวนสินค้าขายตามประเภทสินค้าพร้อมทุน(มากไปน้อย),POS031215.rpt,POS,0,
107,POS031214,จัดอันดับยอดขายสินค้าตามประเภทสินค้าพร้อมทุน(มากไปน้อย),POS031214.rpt,POS,0,
108,POS031225,จัดอันดับจำนวนสินค้าขายตามยี่ห้อสินค้าพร้อมทุน(มากไปน้อย),POS031215.rpt,POS,0,
109,POS031224,จัดอันดับยอดขายสินค้าตามยี่ห้อสินค้าพร้อมทุน(มากไปน้อย),POS031214.rpt,POS,0,
110,POS031234,จัดอันดับยอดขายสินค้าตามหมวดสินค้าพร้อมทุน(มากไปน้อย),POS031214.rpt,POS,0,
111,POS031244,จัดอันดับยอดขายสินค้าตามผู้จำหน่ายหลักพร้อมทุน(มากไปน้อย),POS031214.rpt,POS,0,
112,POS031284,จัดอันดับยอดขายสินค้าพร้อมทุน(มากไปน้อย),POS031214.rpt,POS,0,
114,POS031235,จัดอันดับจำนวนสินค้าขายตามหมวดสินค้าพร้อมทุน(มากไปน้อย),POS031215.rpt,POS,0,
115,POS031245,จัดอันดับจำนวนสินค้าขายตามผู้จำหน่ายหลักพร้อมทุน(มากไปน้อย),POS031215.rpt,POS,0,
116,POS031285,จัดอันดับจำนวนสินค้าพร้อมทุน(มากไปน้อย),POS031215.rpt,POS,0,
119,POS00108001,*รายงานยอดขายรายวัน.,POS00101.rpt,POS,0,
120,POS00108006,*รายงานรายวันขายแบบละเอียด,POS00106.rpt,POS,0,
121,POS00108002,รายงานยอดขายรายวันพร้อมพนักงานขายและสมาชิก,POS00102.rpt,POS,0,
122,POS00108003,รายงานยอดขายรายวันพร้อมค่าบริการ,POS00103.rpt,POS,0,
123,POS00108004,"รายงานยอดขายรายวันพร้อมพนักงานขาย,สมาชิกและค่าบริการ",POS00104.rpt,POS,0,
124,POS00108005,รายงานสรุปรายละเอียดยอดขายและPassport,POS00105.rpt,POS,0,
125,POS00108011,รายงานสรุปรายละเอียดยอดขายและPassportแยกตามเครื่องเก็บเงิน,POS00111.rpt,POS,0,
126,POS00608001,รายงานบิลพักบิลมากกว่า 1 ครั้ง,POS00601.rpt,POS,0,
127,POS00408001,รายงานบิลยกเลิกย้อนหลัง,POS00401.rpt,POS,0,
128,POS00508001,รายงานบิลพักบิลแล้วยกเลิก,POS00501.rpt,POS,0,
129,POS00208001,รายงานบิลพักแล้วไม่ปิด,POS00201.rpt,POS,0,
130,POS00308001,รายงานบิลยกเลิกระหว่างขาย,POS00301.rpt,POS,0,
131,POS00708001,ภาษีขาย,POS00701.rpt,POS,0,
132,POS00708007,ภาษีขายแยกตามกลุ่ม,POS00707.rpt,POS,0,
133,POS00708002,ภาษีขาย แสดงเฉพาะรายการที่มีใบกำกับภาษีเต็มรูป,POS00702.rpt,POS,0,
135,POS00708003,รายงานภาษีขาย,POS00703.rpt,POS,0,
136,POS00808001,รายงานยอดขายตามเวลา.,POS00801.rpt,POS,0,
137,POS00808002,รายงานรายละเอียดยอดขายทั้งหมดตามเวลา,POS00802.rpt,POS,0,
138,POS00808003,รายงานสรุปยอดขายทั้งหมดตามเวลา,POS00803.rpt,POS,0,
139,POS00908001,รายงานประสิทธิภาพแคชเชียร์.,POS00901.rpt,POS,0,
140,POS01208001,รายงานยอดขายตามพนักงานขาย.,POS01201.rpt,POS,0,
141,POS01208004,รายงานรายละเอียดยอดขายตามพนักงานขายพร้อมสินค้า,POS01204.rpt,POS,0,
142,POS01208005,รายงานสรุปยอดขายสินค้าตามพนักงานขาย.,POS01205.rpt,POS,0,
143,POS01208002,รายงานรายละเอียดตามพนักงานขาย,POS01202.rpt,POS,0,
144,POS01208003,รายงานสรุปยอดขายตามพนักงานขาย.,POS01203.rpt,POS,0,
146,POS01108001,รายงานยอดขายสมาชิก- ตามเอกสาร,POS01101.rpt,POS,0,
147,POS01108004,รายงานรายละเอียดการซื้อสินค้าของสมาชิก - ตามเอกสาร,POS01104.rpt,POS,0,
148,POS01108005,รายงานสรุปยอดขายสินค้าตามสมาชิก,POS01105.rpt,POS,0,
149,POS01108002,รายงานสรุปยอดขายรายวันตามสมาชิก,POS01102.rpt,POS,0,
150,POS01108003,รายงานสรุปยอดขายตามสมาชิก,POS01103.rpt,POS,0,
151,POS01008011,รายงานสรุปยอดซื้อสมาชิก - ตามป้ายราคาและสินค้า,POS01011.rpt,POS,0,
153,POS01008001,*รายงานยอดขายสินค้า,POS01001.rpt,POS,0,
154,POS01008002,รายงานรายละเอียดยอดขายรายวันแยกตามเครื่องเก็บเงิน,POS01002.rpt,POS,0,
155,POS01008003,*รายงานรายละเอียดยอดสินค้าขายตามสินค้า,POS01003.rpt,POS,0,
156,POS01008012,รายงานรายละเอียดยอดสินค้าขายตามประเภท,POS01012.rpt,POS,0,
157,POS01008015,รายงานรายละเอียดสินค้าขายตามหมวดสินค้า,POS01015.rpt,POS,0,
158,POS01008013,รายงานรายละเอียดยอดสินค้าขายตามยี่ห้อ,POS01013.rpt,POS,0,
159,POS01008014,รายงานรายละเอียดยอดสินค้าขายตามผู้จำหน่าย,POS01014.rpt,POS,0,
160,POS01008016,รายงานรายละเอียดสินค้าขายตามผู้จำหน่าย และยี่ห้อ,POS01016.rpt,POS,0,
161,POS01008008,รายงานรายละเอียดการขายสินค้ายกเว้นภาษี,POS01008.rpt,POS,0,
162,POS01008017,รายงานสินค้าของแถม แสดงรายละเอียดเอกสาร,POS01017.rpt,POS,0,
163,POS01008006,รายงานรายละเอียดการขายสินค้าแบบ SERIAL NO. ตามเอกสาร,POS01006.rpt,POS,0,
164,POS01008007,รายงานรายละเอียดการขายสินค้าแบบ SERIAL NO. ตามรหัสซื้อขาย,POS01007.rpt,POS,0,
165,POS01008009,บัญชีรายละเอียดการขายสินค้า - ระบุเลขที่หนังสือเดินทาง,POS01009.rpt,POS,0,
171,POS01008019,รายงานสินค้าเปลี่ยนราคาขาย ณ เครื่องบันทึกเงินสด,POS01037.rpt,POS,0,
172,RP67000001,รายงานรายชื่อสินค้าใหม่,IC670001.rpt,RP,0,
174,SQL02105202,รายงานราคาขายสินค้า ตามตารางราคาแบบละเอียด,SP021202.rpt,SQL,1250,SKUMASTER
175,SQL02105204,รายงานราคาขายสินค้า ตามตารางราคา,SP021204.rpt,SQL,547,ARPRICETAB
176,SQL11005006,รายงานตารางราคาขายสินค้า (Cross Tab),IC110006.rpt,SQL,391,ARPRICETAB
177,SQL11005005,รายงานตารางราคาขายสินค้า,IC110005.rpt,SQL,457,ARPRICETAB
179,SQL02105203,รายงานราคาขายสินค้า ตามตารางราคาขายและรหัสซื้อขาย,SP021203.rpt,SQL,1092,SKUMASTER
180,SQL10006005,รายงานตารางราคาซื้อสินค้า,IC100005.rpt,SQL,457,APPRICETAB
181,SQL10006006,รายงานตารางราคาซื้อสินค้า (Cross Tab),IC100006.rpt,SQL,544,APPRICETAB
182,SQL01007102,รายงานผังบัญชี,OT010102.rpt,SQL,145,ACCOUNTCHART
183,SQL06060003,รายงาน-ประเภทเจ้าหนี้,SETAPC001.rpt,SQL,477,MISCLOOKUP
184,SQL06060002,รายงาน -รหัสเจ้าหนี้และข้อมูลอ้างอิง,SETAP0001.rpt,SQL,269,MISCLOOKUP
187,SQL012060041,รายงานรายชื่อเจ้าหนี้พร้อมชื่อผู้ติดต่อ,AP012004.rpt,SQL,780,ACCOUNTCHART ADDRBOOK APADDRESS APCAT APCONTACT APFILE BUSINESSTYPE CONTACT CONTACTSTATUS DEPTTAB
188,SQL012060021,รายงานรหัสเจ้าหนี้พร้อมที่อยู่ทั้งหมด,AP012002.rpt,SQL,818,ACCOUNTCHART ADDRBOOK APADDRESS APCAT APFILE BUSINESSTYPE CONTACTSTATUS DEPTTAB
189,SQL05060007,รายงานรายชื่อเจ้าหนี้ ตามประเภท (Legal),AP050001.rpt,SQL,1089,ACCOUNTCHART ADDRBOOK APADDRESS APCAT APCONDITION APFILE APGL APSUMMARY DEPTTAB
190,SQL05060008,รายงานรายชื่อเจ้าหนี้แสดงข้อตกลง,AP050006.rpt,SQL,782,ACCOUNTCHART APCAT APCONDITION APFILE APGL APPRICETAB DEPTTAB EXCHANGERATE
191,SQL05060004,รายงานรายชื่อลูกค้าตามชนิดลูกค้า (Legal),AR050003.rpt,SQL,1573,ACCOUNTCHART ADDRBOOK ARADDRESS ARAREA ARCAT ARCONDITION ARFILE ARGL ARGROUP ARLINE ARPRICETAB ARSUMMARY ARTYPE DEPTTAB SALESMAN
192,SQL05060003,รายงานรายชื่อลูกค้าตามกลุ่มลูกค้า (Legal),AR050004.rpt,SQL,1573,ACCOUNTCHART ADDRBOOK ARADDRESS ARAREA ARCAT ARCONDITION ARFILE ARGL ARGROUP ARLINE ARPRICETAB ARSUMMARY ARTYPE DEPTTAB SALESMAN
193,SQL05060005,รายงานรายชื่อลูกค้าตามเขตการตลาด (Legal),AR050005.rpt,SQL,1573,ACCOUNTCHART ADDRBOOK ARADDRESS ARAREA ARCAT ARCONDITION ARFILE ARGL ARGROUP ARLINE ARPRICETAB ARSUMMARY ARTYPE DEPTTAB SALESMAN
194,SQL05060006,รายงานรายชื่อลูกค้าแสดงข้อตกลง,AR050006.rpt,SQL,893,ARAREA ARCAT ARCONDITION ARFILE ARGL ARGROUP ARLINE ARPRICETAB ARTYPE DEPTTAB EXCHANGERATE
195,SQL06060001,รายงานรายชื่อลูกหนี้พร้อมข้อมูลวิเคราะห์การตลาดขั้นสูง,SETAR0001.rpt,SQL,269,MISCLOOKUP
197,SQL06060004,รายงาน -ประเภทลูกค้า,SETARC001.rpt,SQL,477,MISCLOOKUP
198,SQL08050007,รายงาน -รหัสเขตการตลาด,SETAAR001.rpt,SQL,241,MISCLOOKUP
201,SQL08050008,รายงาน -รหัสกลุ่มลูกค้า,SETARG001.rpt,SQL,250,MISCLOOKUP
202,SQL08050009,รายงาน -รหัสชนิดลูกค้า,SETART001.rpt,SQL,249,MISCLOOKUP
203,SQL08050010,รายงาน -รหัสสายลูกค้า,SETARL001.rpt,SQL,241,MISCLOOKUP
204,SQL01206004,รายงานรายชื่อลูกค้าพร้อมชื่อผู้ติดต่อ,AR012004.rpt,SQL,856,ADDRBOOK ARADDRESS ARAREA ARCAT ARCONTACT ARFILE ARGROUP ARLINE ARTYPE BUSINESSTYPE CONTACT CONTACTSTATUS
205,SQL01206002,รายงานรหัสลูกค้าพร้อมที่อยู่ทั้งหมด,AR012002.rpt,SQL,943,ADDRBOOK ARADDRESS ARAREA ARCAT ARFILE ARGL ARGROUP ARLINE ARTYPE BUSINESSTYPE CONTACTSTATUS
206,SQL05060001,รายงานรายชื่อลูกค้าตามประเภท (Legal),AR050001.rpt,SQL,1573,ACCOUNTCHART ADDRBOOK ARADDRESS ARAREA ARCAT ARCONDITION ARFILE ARGL ARGROUP ARLINE ARPRICETAB ARSUMMARY ARTYPE DEPTTAB SALESMAN
207,SQL05060002,รายงานรายชื่อลูกค้าตามสายลูกค้า (Legal),AR050002.rpt,SQL,1573,ACCOUNTCHART ADDRBOOK ARADDRESS ARAREA ARCAT ARCONDITION ARFILE ARGL ARGROUP ARLINE ARPRICETAB ARSUMMARY ARTYPE DEPTTAB SALESMAN
208,POS01108021,รายงานการใช้บริการของสมาชิก,POS01121.rpt,POS,0,
209,POS01108022,รายงานการใช้บริการคงเหลือของสมาชิก,POS01122.rpt,POS,0,
210,POS01208021,รายงานจำนวนครั้งการบริการตามพนักงานขาย,POS01221.rpt,POS,0,
211,RP45103001,รายงานสมุดบัญชีแยกประเภท-แบบละเอียด,GL451001.RPT,RP,0,
213,RP45203001,รายงานสมุดบัญชีแยกประเภท- แบบสรุป,GL452001.RPT,RP,0,
214,RP305010002,แบบแสดงรายการภาษีมูลค่าเพิ่ม,VAT30001.rpt,RP,0,
215,RP305010003,รายงานสรุปแบบแสดงรายการภาษีมูลค่าเพิ่ม,VAT30002.rpt,RP,0,
220,RP30404000226,"รายงานภาษีขาย (มาตรา 87 , 87/3 วรรคสอง)",VAT010002_26.rpt,RP,0,
221,RP304040003,รายงานภาษีขาย (แนวตั้ง),VAT010003.rpt,RP,0,
222,RP304040001,ทะเบียนภาษีขาย,VAT010004.rpt,RP,0,
223,SQL13003003,ทะเบียนภาษีขาย (ยังไม่ถึงกำหนดนำส่ง),VAT010009.rpt,SQL,950,TRANPAYA VATTABLE
224,RP304040002,"รายงานภาษีขาย (มาตรา 87 , 87/3 วรรคสอง) (ประกาศ 197)",VAT010002.rpt,RP,0,
225,RP302002008,ใบปะหน้าแบบยื่นรายการภาษีเงินได้หัก ณ ที่จ่าย (ภ.ง.ด.1),WHT01011.rpt,RP,0,
226,RP3020020010,แบบยื่นรายการภาษีเงินได้หัก ณ ที่จ่าย (ภ.ง.ด.2),WHT02001.rpt,RP,0,
227,RP302002004,แบบยื่นรายการภาษีเงินได้หัก ณ ที่จ่าย (ภ.ง.ด.53),WHT53001.rpt,RP,0,
228,RP302002006,ใบปะหน้าแบบยื่นรายการภาษีเงินได้หัก ณ ที่จ่าย (ภ.ง.ด.53),WHT53011.rpt,RP,0,
232,RP302002002,แบบยื่นรายการภาษีเงินได้หัก ณ ที่จ่าย (ภ.ง.ด.3),WHT03001.rpt,RP,0,
233,RP302002003,ใบปะหน้าแบบยื่นรายการภาษีเงินได้หัก ณ ที่จ่าย (ภ.ง.ด.3),WHT03011.rpt,RP,0,
234,RP302002007,แบบยื่นรายการภาษีเงินได้หัก ณ ที่จ่าย (ภ.ง.ด.1),WHT01001.rpt,RP,0,
235,RP302002009,ใบปะหน้าแบบยื่นรายการภาษีเงินได้หัก ณ ที่จ่าย (ภ.ง.ด.2),WHT02011.rpt,RP,0,
236,SQL002060021,จ่าหน้าซองเจ้าหนี้พร้อมชื่อผู้ติดต่อหลัก,AP002002.rpt,SQL,580,APFILE
237,SQL002060011,จ่าหน้าซองเจ้าหนี้,AP002001.rpt,SQL,375,APFILE
238,SQL002060022,จ่าหน้าซองลูกหนี้พร้อมชื่อผู้ติดต่อหลัก,AR002002.rpt,SQL,580,ARFILE
239,SQL002060012,จ่าหน้าซองลูกหนี้,AR002001.rpt,SQL,375,ARFILE
240,POS03308012,รายงานสรุปยอดขายรายวันพร้อมกราฟตามสัปดาห์,POS02312.rpt,POS,0,
241,POS01008021,รายงานรายละเอียดยอดสินค้าขายตามรายการอาหาร,POS01021.rpt,POS,0,
242,POS01008024,รายงานรายละเอียดสินค้าขายตามประเภทอาหารตามสาขา,POS01024.rpt,POS,0,
243,POS01008022,รายงานสรุปยอดขายทั้งวันตามรายการอาหาร,POS01022.rpt,POS,0,
244,POS01008025,รายงานสรุปสินค้าขายทั้งวันตามประเภทอาหารตามสาขา,POS01025.rpt,POS,0,
245,POS01008031,รายงานสรุปจำนวนลูกค้า,POS01031.rpt,POS,0,
246,POS01008032,รายงานรายละเอียดยอดรับคืนแยกตามเครื่องเก็บเงิน,POS01032.rpt,POS,0,
247,POS01408014,รายงานสรุปสินค้าขายทั้งวันตามรายการอาหาร,POS01414.rpt,POS,0,
249,POS023080102,รายงานสรุปยอดขายรายวัน,POS02310.rpt,POS,0,
250,POS023080012,รายงานยอดขายรายวันตามเครื่อง,POS02301.rpt,POS,0,
253,SQL00108021,รายงานยอดขายรายวันพร้อมค่าบริการแสดงโต๊ะ,POS00121.rpt,SQL,0,
254,SQL00108022,รายงานยอดขายรายวันพร้อมค่าบริการเรียงโต๊ะ,POS00122.rpt,SQL,0,
255,FRM55102002,เอกสารยืนยันยอดเจ้าหนี้,AP551002.rpt,FRM,0,
256,FRM50102002,เอกสารยืนยันยอดลูกหนี้,AR501002.RPT,FRM,0,
258,FRM20402001,ใบแจ้งยอดบัญชีลูกหนี้,DOC20401.RPT,FRM,0,
261,RP70100001,ทะเบียนเช็ครับ - ตามวันที่บนเช็คและธนาคาร,CQ701002.rpt,RP,0,
262,RP70100002,ทะเบียนเช็ครับ - ตามวันที่และเอกสารรับชำระ,CQ701003.rpt,RP,0,
263,RP7130003,รายงานเช็ครับ - สถานะนำฝาก ตามธนาคาร,CQ713003.rpt,RP,0,
264,SQL03010012,รายงานเช็ครับในมือครบกำหนด,BK030012.rpt,SQL,224,CHEQUEIN
265,RP7120002,รายงานเช็ครับในมือทั้งหมด,CQ712002.rpt,RP,0,
267,RP7110001,รายงานเช็ครับล่วงหน้า (ยังไม่ได้รับเงิน),CQ711001.rpt,RP,0,
268,RP7140001,รายงานรายละเอียดเคลื่อนไหวเช็ครับ,CQ714001.rpt,RP,0,
269,RP7150001,รายงานสรุปเคลื่อนไหวเช็ครับ,CQ715001.rpt,RP,0,
270,SQL03010011,รายงานเช็คจ่ายครบกำหนด,BK030011.rpt,SQL,188,CHEQUEBOOK
272,RP75100001,ทะเบียนเช็คจ่าย,CQ751003.rpt,RP,0,
273,RP7610001,รายงานเช็คจ่ายล่วงหน้า (ยังไม่ได้ขึ้นเงิน),CQ761001.rpt,RP,0,
274,RP7620001,รายงานรายละเอียดเคลื่อนไหวเช็คจ่าย,CQ762001.rpt,RP,0,
275,RP7630001,รายงานสรุปเคลื่อนไหวเช็คจ่าย,CQ763001.rpt,RP,0,
277,BK01030001,สรุปยอดธนาคาร ตามรหัสบัญชี,BK003001.rpt,BK,436,BANKSTATEMENT
278,RP60102002,รายงานยอดเงินบัญชีธนาคาร แจงชื่อบัญชี,BK601002.rpt,RP,0,
279,RP60102001,รายงานยอดเงินบัญชีธนาคาร,BK601001.rpt,RP,0,
280,RP60202001,รายงานรายละเอียดเคลื่อนไหวบัญชี(Bank Statement),BK602001.rpt,RP,0,
281,RP60302001,รายงานสรุปเคลื่อนไหวบัญชีธนาคาร,BK603001.rpt,RP,0,
286,SQL11001011,สรุปประสิทธิภาพการส่งสินค้า(เทียบวันที่รับกับวันครบกำหนดส่ง),IC110011.rpt,SQL,480,DOCINFO
287,RP10501004,รายงานอายุใบจองค้างส่ง (วันที่ปัจจุบันเทียบวันที่หมดอายุ),IC105002.rpt,RP,0,
288,RP10501005,รายงานอายุใบจองค้างส่ง(วันที่ปัจจุบันเทียบวันที่กำหนดส่ง),IC105003.rpt,RP,0,
290,SQL10001011,สรุปประสิทธิภาพ Supplier(เทียบวันที่รับกับวันครบกำหนดส่ง),IC100011.rpt,SQL,480,DOCINFO
292,RP10201004,ประสิทธิภาพใบสั่งซื้อ(เทียบวันที่ปัจจุบันกับวันหมดอายุ),IC102002.rpt,RP,0,
293,RP10201005,ประสิทธิภาพใบสั่งซื้อ(เทียบจากวันที่ปัจจุบันวันครบกำหนดส่ง),IC102003.rpt,RP,0,
294,SQL001010013,รายงานเอกสารรับจากซื้อ-สภาพเอกสารไม่ครบถ้วน,CK001002.rpt,SQL,1368,APDETAIL DOCINFO DOCTYPE TRANSTKH
296,SQL001010012,รายงานเอกสารรับจากซื้อ-สภาพเอกสารครบถ้วน,CK001002.rpt,SQL,1366,APDETAIL DOCINFO DOCTYPE TRANSTKH
297,SQL001010011,รายงานเอกสารรับจากซื้อ-เรียงตามเลขที่เอกสาร,CK001002.rpt,SQL,1308,APDETAIL DOCINFO DOCTYPE TRANSTKH
298,SQL00006001,รายงาน- รหัสรายได้ย่อย,FN000001.rpt,SQL,308,POSPAIDIN
299,SQL00006002,รายงาน- รหัสค่าใช้จ่ายย่อย,FN000002.rpt,SQL,322,POSPAIDOUT
300,SQL00001102,รายงานบันทึกยอดยกมาสินค้า(ก่อนปรับ) ตามประเภท,IC000102.rpt,SQL,1393,DOCINFO
301,SQL00001104,รายงานบันทึกยอดยกมาสินค้า(ก่อนปรับ) ตามยี่ห้อ,IC000104.rpt,SQL,1389,DOCINFO
302,SQL00001103,รายงานบันทึกยอดยกมาสินค้า(ก่อนปรับ) ตามหมวด,IC000103.rpt,SQL,1424,DOCINFO
303,SQL00001105,รายงานบันทึกยอดยกมาสินค้า(ก่อนปรับ) ตามตำแหน่งเก็บ,IC000105.rpt,SQL,1357,DOCINFO
304,SQL00001106,รายงานบันทึกยอดยกมาสินค้า(ก่อนปรับ) ตามคลังสินค้า,IC000106.rpt,SQL,1357,DOCINFO
306,SQL00001101,รายงานบันทึกยอดยกมาสินค้า(ก่อนปรับ) ตามเอกสาร,IC000101.rpt,SQL,1273,DOCINFO
307,RP17104001,รายงานอายุสินค้า ตามวันที่รับ,IC171001.rpt,RP,0,
308,RP80104001,รายงานสินค้าใกล้หมดอายุ,IC801001.rpt,RP,0,
309,RP17104002,รายงานอายุสินค้า(แสดง Lot / Serial) - เทียบวันที่ผลิต,IC171002.rpt,RP,0,
311,SQLCQB01506001,พิมพ์เช็คลงฟอร์ม ธ.นครหลวงไทย (พิมพ์เครื่อง Dot Matrix),CQB01501.rpt,SQLCQB,437,CHEQUEBOOK
312,SQLCQB00206001,พิมพ์เช็คลงฟอร์ม ธ.กรุงเทพ (พิมพ์เครื่อง Dot Matrix),CQB00201.rpt,SQLCQB,437,CHEQUEBOOK
313,SQLCQB00406001,พิมพ์เช็คลงฟอร์ม ธ.กสิกรไทย (พิมพ์เครื่อง Dot Matrix),CQB00401.rpt,SQLCQB,437,CHEQUEBOOK
314,SQLCQB01106001,พิมพ์เช็คลงฟอร์ม ธ.ทหารไทย (พิมพ์เครื่อง Dot Matrix),CQB01101.rpt,SQLCQB,437,CHEQUEBOOK
315,SQLCQB00206003,Form Print Cheque BBL (Dot Matrix),CQB00203.rpt,SQLCQB,437,CHEQUEBOOK
316,SQLCQB00406003,Form Print Cheque TFB (Dot Matrix),CQB00403.rpt,SQLCQB,437,CHEQUEBOOK
317,SQLCQB01106003,Form Print Cheque TMB (Dot Matrix),CQB01103.rpt,SQLCQB,436,CHEQUEBOOK
318,SQLCQB00606001,พิมพ์เช็คลงฟอร์ม ธ.กรุงไทย (พิมพ์เครื่อง Dot Matrix),CQB00601.rpt,SQLCQB,437,CHEQUEBOOK
319,SQLCQB00606003,Form Print Cheque KTB (Dot Matrix),CQB00603.rpt,SQLCQB,437,CHEQUEBOOK
320,SQLCQB01406001,พิมพ์เช็คลงฟอร์ม ธ.ไทยพาณิชย์ (พิมพ์เครื่อง Dot Matrix),CQB01401.rpt,SQLCQB,437,CHEQUEBOOK
321,SQLCQB01406003,Form Print Cheque SCB (Dot Matrix),CQB01403.rpt,SQLCQB,437,CHEQUEBOOK
322,SQLCQB01006001,พิมพ์เช็คลงฟอร์ม ธ.แห่งโตเกียว-มิตซูบิชิ (Dot Matrix),CQB01001.rpt,SQLCQB,437,CHEQUEBOOK
323,SQLCQB02206003,Form Print Cheque TB (Dot Matrix),CQB02203.rpt,SQLCQB,437,CHEQUEBOOK
324,SQLCQB02406001,พิมพ์เช็คลงฟอร์ม ธ.เอเชีย (พิมพ์เครื่อง Dot Matrix),CQB02401.rpt,SQLCQB,437,CHEQUEBOOK
325,SQLCQB02406003,Form Print Cheque BOA (Dot Matrix),CQB02403.rpt,SQLCQB,437,CHEQUEBOOK
326,SQLCQB02506001,พิมพ์เช็คลงฟอร์ม ธ.กรุงศรีอยุธยา (พิมพ์เครื่อง Dot Matrix),CQB02501.rpt,SQLCQB,437,CHEQUEBOOK
327,SQLCQB02506003,Form Print Cheque BAY (Dot Matrix),CQB02503.rpt,SQLCQB,437,CHEQUEBOOK
328,SQLCQB01006003,Form Print Cheque TOKYO (Dot Matrix),CQB01003.rpt,SQLCQB,437,CHEQUEBOOK
329,SQLCQB02206001,พิมพ์เช็คลงฟอร์ม ธ.ไทยธนาคาร (พิมพ์เครื่อง Dot Matrix),CQB02201.rpt,SQLCQB,437,CHEQUEBOOK
330,SQLCQB01506003,Form Print Cheque SCIB (Dot Matrix),CQB01503.rpt,SQLCQB,437,CHEQUEBOOK
332,SQLCQB01401001,พิมพ์เช็คลงฟอร์ม ธ.ธนชาติ (พิมพ์เครื่อง Dot Matrix),CQB01401_T.rpt,SQLCQB,437,CHEQUEBOOK
333,TFRM0020103,ฟอร์มสูตรช่วยการบันทึก Texmode,TDOC00201.txt,TFRM,2030,DOCINFO
336,SQL00901001,รายงานสูตรช่วยบันทึก,DOC10905.RPT,SQL,1108,DOCINFO
338,FRM0020102,สูตรช่วยบันทึก แบบเส้นตาราง พร้อมรหัสสินค้า,DOC00202.rpt,FRM,2030,DOCINFO
339,FRM0020101,สูตรช่วยบันทึก พร้อมรหัสสินค้า,DOC00201.rpt,FRM,2030,DOCINFO
340,FRM0010101,สูตรแปรรูปสินค้า พร้อมรหัสสินค้า,DOC00101.rpt,FRM,2117,ARPRICETAB DOCINFO
341,FRM0010102,สูตรแปรรูปสินค้า แบบเส้นตาราง พร้อมรหัสสินค้า,DOC00102.rpt,FRM,2117,ARPRICETAB DOCINFO
343,SQL01209004,จ่าหน้าซองสมาชิก (ลงฟอร์ม 2 แถว),MB012004.rpt,SQL,677,MBPOINT MBTYPE MEMBER SYSLOOKUP
344,SQL01209003,จ่าหน้าซอง,MB012003.rpt,SQL,627,MBPOINT MBTYPE MEMBER SYSLOOKUP
345,RP17501010,รายงานใบจองค้างส่งตามเอกสาร-เฉพาะจำนวน,IC175011.rpt,RP,0,
347,SQL11001041.,รายงานใบจองค้างส่ง-ตามเอกสาร แบบย่อ..,IC110041.rpt,SQL,2749,ARCAT ARCONDITION ARFILE AROE BRANCH BRAND DEPTTAB DOCINFO DOCTYPE EXCHANGERATE GOODSMASTER ICCAT ICDEPT MKTPLAN PRJTAB PRMTPLAN SALESMAN SHIPBY SKUMASTER TRANSTKD TRANSTKH WAREHOUSE WARELOCATION
348,SQL10501001,รายงานใบจองสินค้าค้างส่งตามเอกสาร,IC105001.rpt,SQL,2320,ARCAT ARCONDITION ARFILE AROE BRANCH DEPTTAB DOCINFO DOCTYPE GOODSMASTER PRJTAB SALESMAN SHIPBY SKUMASTER TRANSTKD TRANSTKH WAREHOUSE WARELOCATION
351,RP1920001,รายงานใบจองค้างส่ง แสดงสินค้าคงเหลือ,IC192001.rpt,RP,0,
353,RP81204002,รายงานสรุปเอกสารทั้งหมด - ตามประเภทเอกสาร,DI812002.rpt,RP,0,
354,RP81204001,รายงานสรุปเอกสารเข้าออกรายวัน,DI812001.rpt,RP,0,
355,SQL10200001,รายงานแสดงการลบเอกสาร,DEL01001.RPT,SQL,216,DELDILOG
357,SQL1100102,รายงานรายละเอียดคอมมิชชั่นพนักงานขาย ตามสินค้า,IC110102.rpt,SQL,3059,SALESMAN
358,SQL1100101,รายงานรายละเอียดยอดขายและคอมมิชชั่นพนักงานขาย,IC110101.rpt,SQL,3095,SALESMAN
359,SQL1100104,รายงานสรุปค่าคอมมิชชั่นพนักงานขาย,IC110104.rpt,SQL,894,SALESMAN
360,RP90501001,รายงานรายละเอียดยอดขาย/คืนตามพนักงานขายและเอกสาร,SL905001.rpt,RP,0,
361,RP90501002,รายงานรายละเอียดยอดขาย/คืนตามพนักงานขายและลูกหนี้,SL905002.rpt,RP,0,
362,RP90601001,รายงานรายละเอียดยอดชำระตามพนักงานขายและเอกสาร,SL905001.rpt,RP,0,
363,RP90601002,รายงานรายละเอียดยอดชำระตามพนักงานขายและลูกหนี้,SL905002.rpt,RP,0,
366,SQL11001103,รายงานสรุปยอดขาย-รับคืนตามสินค้าและพนักงานขาย,IC110103.rpt,SQL,2430,SALESMAN
367,RP90401001,รายงานวิเคราะห์อายุหนี้ตามพนักงานขาย,SL904001.rpt,RP,0,
368,RP90401002,รายงานวิเคราะห์อายุหนี้ตามพนักงานขายและลูกหนี้,SL904002.rpt,RP,0,
369,RP90701001,รายงานใบประเมินพนักงานขาย,SL907001.rpt,RP,0,
372,FRM25102002,รายงานรายละเอียดใบเพิ่มหนี้เจ้าหนี้ ตามเอกสาร,AP251001.rpt,FRM,0,
373,TFRM2510201,ใบเพิ่มหนี้เจ้าหนี้ Text Mode,TDOC25101.txt,TFRM,0,
375,SQL00103010,รายงานสรุปใบเพิ่มหนี้ - เจ้าหนี้,AP103002.rpt,SQL,672,DOCINFO
376,FRM25102001,ใบเพิ่มหนี้เจ้าหนี้,DOC25101.rpt,FRM,0,
377,RP163040021,รายงานสต็อกการ์ด แสดงจำนวนและทุน,IC163002.rpt,RP,0,
378,RP163040011,รายงานสต็อกการ์ด พร้อมทุนและมูลค่าขาย,IC163001.rpt,RP,0,
379,RP167040001,รายงานสต็อกการ์ด รวมทุกตำแหน่งเก็บ พร้อมทุน,IC167001.rpt,RP,0,
380,RP163040041,รายงานสต็อกการ์ด (สินค้าล็อต),IC163004.rpt,RP,0,
383,RP80804001,รายงานวิเคราะห์สต็อกเรโชตามสินค้า,IC808004.rpt,RP,0,
384,RP80904001,รายงานวิเคราะห์สต็อกเรโชตามประเภทสินค้า,IC809001-1.rpt,RP,0,
385,RP81104001,รายงานวิเคราะห์สต็อกเรโชตามหมวดสินค้า,IC809001-2.rpt,RP,0,
386,RP81004001,รายงานวิเคราะห์สต็อกเรโชตามยี่ห้อสินค้า,IC809001-3.rpt,RP,0,
387,RP80704001,รายงานวิเคราะห์สต็อกเรโชตาม ABC,IC807001.rpt,RP,0,
388,RP80604001,รายงานแสดงชนิดสินค้าสะสม,IC806001.rpt,RP,0,
389,RP81604001,รายงานวิเคราะห์สต็อกเรโชตามผู้จำหน่ายหลัก,IC809001-4.rpt,RP,0,
390,RP8270001,รายงานวิเคราะห์มูลค่าสินค้าคงเหลือตาม ABC,IC827001.rpt,RP,0,
391,RP8260001,รายงานวิเคราะห์มูลค่าสินค้าคงเหลือตามสินค้า,IC826001.rpt,RP,0,
392,RP8220001,รายงานวิเคราะห์มูลค่าสินค้าคงเหลือ ตามประเภทสินค้า,IC822001.rpt,RP,0,
393,RP8240001,รายงานวิเคราะห์มูลค่าสินค้าคงเหลือ ตามหมวดสินค้า,IC822001.rpt,RP,0,
394,RP8230001,รายงานวิเคราะห์มูลค่าสินค้าคงเหลือ ตามยี่ห้อสินค้า,IC822001.rpt,RP,0,
395,RP8250001,รายงานวิเคราะห์มูลค่าสินค้าคงเหลือ ตามผู้จำหน่ายหลัก,IC822001.rpt,RP,0,
396,RP16704002,รายงานสินค้าและวัตถุดิบ,IC167002.rpt,RP,0,
397,RP16704003,รายงานสินค้าและวัตถุดิบ ตามวันที่ใบกำกับภาษี,IC167003.rpt,RP,0,
398,SQL21010001,รายงานใบรับ-ที่มีการปรับปรุงต้นทุน-(เงินสกุลต่างประเทศ),IC210002.rpt,SQL,571,TRANSTKH
399,RP1130103,รายงานสรุปต้นทุนแต่ละสินค้า - ที่มีใบปรับปรุง,IC113002.rpt,RP,0,
400,RP1130102,รายงานใบปรับปรุงต้นทุนสินค้า ตามเอกสาร,IC113001.rpt,RP,0,
404,SQL21010002,รายงานสรุปใบปรับปรุงต้นทุนสินค้า,IC210003.rpt,SQL,732,DOCINFO
406,FRM1130102,ฟอร์มใบปรับต้นทุนสินค้า พร้อมรหัสสินค้า,DOC11302.rpt,FRM,0,
407,FRM1130104,ฟอร์มใบปรับต้นทุนสินค้า พร้อมรหัส แบบเส้นและตาราง,DOC11304.rpt,FRM,0,
408,FRM1130103,ฟอร์มใบปรับต้นทุนสินค้า (Letter),DOC11303.rpt,FRM,0,
409,TSQL127010001,ใบส่งคืนสินค้าเงินสด - พร้อมรหัสสินค้า TextMode,TDOC12701.txt,TSQL,3979,DOCINFO
410,SQL10001003_04,รายงานรายละเอียดส่งคืนสินค้า ตามสินค้า,IC100036.rpt,SQL,2602,DOCINFO
411,SQL10001003,รายงานรายละเอียดส่งคืนสินค้าตามเอกสาร,IC100003.rpt,SQL,2550,DOCINFO
412,SQL11001210,รายงานสรุปใบส่งคืนสินค้า ตามเอกสาร,IC110208_02.rpt,SQL,1041,TRANSTKH
413,TFRM1040102,ใบส่งคืนสินค้า Text Mode พร้อมรหัสสินค้า,TDOC10402.txt,TFRM,0,
414,SQL10001003_01,รายงานสรุปใบส่งคืนสินค้า ตามสินค้า,IC100008.rpt,SQL,2637,DOCINFO
415,SQL10001003_02,รายงานสรุปใบส่งคืนสินค้า ตามผู้จำหน่าย,IC100027.rpt,SQL,2612,DOCINFO
422,SQL10001003_03,รายงานสรุปใบส่งคืนสินค้า ตามโครงการ,IC100034.rpt,SQL,2656,DOCINFO
423,SQL127010002,ใบส่งคืนสินค้าเงินสด - พร้อมรหัสสินค้า,DOC12701.RPT,SQL,4283,BANKACCOUNT DOCINFO
424,FRM1040104,ใบส่งคืนสินค้า แบบเส้นและตาราง พร้อมรหัสสินค้า,DOC10404.RPT,FRM,0,
425,FRM1040102,ใบส่งคืนสินค้า พร้อมรหัสสินค้า,DOC10402.RPT,FRM,0,
426,SQL127010004,ใบส่งคืนสินค้าเงินสด - พร้อมรหัสสินค้า แบบเส้นตาราง,DOC12704.RPT,SQL,4283,BANKACCOUNT DOCINFO
427,FRM1040105,ใบส่งคืนสินค้า (Letter),DOC10405.RPT,FRM,0,
428,SQL127010005,ใบส่งคืนสินค้าเงินสด (Letter),DOC12705.RPT,SQL,4283,BANKACCOUNT DOCINFO
429,TFRM1150201,ใบตรวจนับสินค้า Text Mode,TDOC11501.txt,TFRM,0,
430,SQL15001003,รายงานบันทึกผลการตรวจนับสินค้า ตามตำแหน่งเก็บ,IC150003.rpt,SQL,1149,DOCINFO
431,SQL15001004,รายงานบันทึกผลการตรวจนับสินค้า ตามคลัง,IC150004.rpt,SQL,1149,DOCINFO
432,SQL15001005,รายงานบันทึกผลการตรวจนับสินค้า ตามประเภท,IC150005.rpt,SQL,1456,DOCINFO
433,SQL15001006,รายงานบันทึกผลการตรวจนับสินค้า ตามหมวด,IC150006.rpt,SQL,1414,DOCINFO
434,SQL15001007,รายงานบันทึกผลการตรวจนับสินค้า ตามยี่ห้อ,IC150007.rpt,SQL,1415,DOCINFO
435,SQL15001002,รายงานบันทึกผลการตรวจนับสินค้า ตามเอกสาร,IC150002.rpt,SQL,1108,DOCINFO
439,FRM1150101,ใบตรวจนับสินค้า พร้อมรหัสสินค้า,DOC11501.rpt,FRM,0,
440,FRM1150102,ใบตรวจนับสินค้า แบบเส้นตาราง พร้อมรหัสสินค้า,DOC11502.rpt,FRM,0,
441,SQL15001001,รายงานเตรียมตรวจนับสินค้า,IC150001.rpt,SQL,1199,DOCINFO
444,TFRM1140201,ใบเตรียมตรวจนับ Text Mode,TDOC11401.txt,TFRM,0,
445,FRM1140102,ใบเตรียมตรวจนับสินค้า แบบเส้นตาราง พร้อมรหัสสินค้า,DOC11402.rpt,FRM,0,
446,FRM1140101,ใบเตรียมตรวจนับสินค้า พร้อมรหัสสินค้า,DOC11401.rpt,FRM,0,
448,RP8150001,รายงานสรุปยอดเงินตามประเภทเอกสาร,IC815001.rpt,RP,0,
449,RP839001,รายงานสรุปสถานะภาพกิจการ,AN839001.rpt,RP,0,
450,RP60404001,รายงานสถานะทางการเงินของกิจการ,BK604001.rpt,RP,0,
451,SQL10001001.,รายงานรายละเอียดใบสั่งซื้อสินค้าตามเอกสาร,IC100001-1.rpt,SQL,2498,DOCINFO
452,SQL110012014,รายงานสรุปใบสั่งซื้อสินค้า ตามเอกสาร,IC110209.rpt,SQL,925,TRANSTKH
454,SQL110012018,รายงานสรุปสินค้าที่สั่งซื้อ ตามโครงการ,IC110216.rpt,SQL,1574,TRANSTKH
455,TFRM1020102,ใบสั่งซื้อ Text Mode พร้อมรหัสสินค้า,TDOC10202.txt,TFRM,0,
456,SQL110012020,รายงานสรุปสินค้าใบสั่งซื้อ ตามเจ้าหนี้,IC110217.rpt,SQL,1701,TRANSTKH
460,TFRM1020101,ใบสั่งซื้อ Text Mode,TDOC10201.txt,TFRM,0,
461,SQL10001031,รายงานรายละเอียดการสั่งซื้อตามสินค้า,IC100031.rpt,SQL,2461,DOCINFO
462,SQL10001033,รายงานสรุปการสั่งซื้อตามสินค้า,IC110222.rpt,SQL,2532,DOCINFO
463,FRM1020103,ใบสั่งซื้อ แบบเส้นและตาราง,DOC10203.RPT,FRM,0,
464,FRM1020104,ใบสั่งซื้อ แบบเส้นและตาราง พร้อมรหัสสินค้า,DOC10204.RPT,FRM,0,
465,FRM1020102,ใบสั่งซื้อ พร้อมรหัสสินค้า,DOC10202.RPT,FRM,0,
466,FRM1020101,ใบสั่งซื้อ,DOC10201.RPT,FRM,0,
467,FRM1020105,ใบสั่งซื้อ (Letter),DOC10205.RPT,FRM,0,
471,SQL10010002,รายงานสรุปเอกสารซื้อ/ส่งคืนตามเอกสาร แสดงเฉพาะมูลค่า,IC100205.RPT,SQL,563,SKUMOVE
472,SQL10001202,"รายงานสรุปเอกสาร ซื้อและส่งคืน-แสดงยอดสินค้ามีภาษี,ไม่มีภาษี",IC100202.rpt,SQL,840,DOCINFO
473,SQL10001203,รายงานรายละเอียด เอกสารซื้อและส่งคืน ตามประเภทเจ้าหนี้,IC100203.rpt,SQL,1902,DOCINFO
474,SQL10001204,รายงานสรุปเอกสาร ซื้อและส่งคืน ตามประเภทเจ้าหนี้,IC100204.rpt,SQL,876,DOCINFO
475,SQL10001201,รายงานรายละเอียด เอกสารซื้อและส่งคืน ตามเจ้าหนี้,IC100201.rpt,SQL,1963,DOCINFO
476,SQL11001206,"รายงานสรุปยอดซื้อ , ส่งคืน และยอดสั่งซื้อ ตามวันที่",IC110206.rpt,SQL,684,DOCINFO
478,SQL10001004_02,รายงานรายละเอียดการซื้อสด แสดง Lot/Seial,IC100004_02.rpt,SQL,2578,DOCINFO
479,SQL10001004_01,รายงานรายละเอียดการรับสินค้า แสดง Lot/Serial,IC100004_02.rpt,SQL,2578,DOCINFO
480,TFRM1020102.1,ใบสอบราคา - Text Mode พร้อมรหัสสินค้า,TDOC10104.txt,TFRM,2363,DOCINFO
481,SQL110012015,รายงานสรุปใบสอบราคา ตามเอกสาร,IC110209_1.rpt,SQL,970,TRANSTKH
482,SQL1010001,รายงานรายละเอียดใบสอบราคา ตามเอกสาร,IC100001.rpt,SQL,2498,DOCINFO
483,SQL1010002,รายงานรายละเอียดใบสอบราคา ตามสินค้า,IC100035.rpt,SQL,2517,DOCINFO
487,SQL1010003,รายงานสรุปใบสอบราคา ตามสินค้า,IC110222_1.rpt,SQL,2532,DOCINFO
488,NFRM1020102,ใบสอบราคาสินค้า พร้อมรหัส,DOC10103.rpt,NFRM,2363,DOCINFO
489,NFRM1020104,ใบสอบราคา แบบเส้นและตาราง พร้อมรหัสสินค้า,DOC10104.rpt,NFRM,2363,DOCINFO
490,NFRM1020101,ใบสอบราคาสินค้า,DOC10101.rpt,NFRM,2363,DOCINFO
491,NFRM1020103,ใบสอบราคา แบบเส้นตาราง,DOC10102.rpt,NFRM,2363,DOCINFO
492,NFRM1020105,ใบสอบราคาสินค้า (Letter),DOC10105.RPT,NFRM,2363,DOCINFO
493,PR1940001,รายงานใบเสนอราคา แสดงสินค้าคงเหลือ,IC194001.rpt,PR,0,
495,TFRM1170101,ใบเสนอราคาสินค้า Text Mode,TDOC11701.txt,TFRM,0,
496,SQL09101014,รายงานสรุปใบเสนอราคา ตามสินค้า,IC091014.rpt,SQL,2579,DOCINFO
497,SQL09101001,รายงานรายละเอียดใบเสนอราคาตามเอกสาร,IC091001.rpt,SQL,2373,DOCINFO
498,TFRM1170102,ใบเสนอราคาสินค้า Text Mode พร้อมรหัส,TDOC11702.txt,TFRM,0,
503,SQL110012017,รายงานสรุปใบเสนอราคา ตามเอกสาร,IC110212_02.rpt,SQL,2746,DOCINFO
504,SQL09101013,รายงานสรุปสินค้าใบเสนอราคา ตามลูกหนี้,IC091013.rpt,SQL,2579,DOCINFO
505,SQL09101006,รายงานรายละเอียดใบเสนอราคา ตามสินค้า,IC091006.rpt,SQL,2579,DOCINFO
506,SQL09101007,รายงานรายละเอียดใบเสนอราคาสินค้า ตามลูกหนี้,IC091007.rpt,SQL,2578,DOCINFO
507,FRM1170101,ใบเสนอราคาสินค้า,DOC11701.rpt,FRM,0,
508,FRM1170102,ใบเสนอราคาสินค้าพร้อมรหัสสินค้า,DOC11702.rpt,FRM,0,
509,FRM1170103,ใบเสนอราคาสินค้า แบบเส้นและตาราง,DOC11703.rpt,FRM,0,
510,FRM1170104,ใบเสนอราคาสินค้า แบบเส้นและตาราง พร้อมรหัสสินค้า,DOC11704.rpt,FRM,0,
511,FRM1320001,ใบเสนอราคาพร้อมรูปภาพสินค้า,DOC11703_2.rpt,FRM,0,
512,FRM1170105,ใบเสนอราคาสินค้า (Letter),DOC11705.RPT,FRM,0,
513,SQL11001205,"รายงานสรุปยอดขาย,รับคืน และยอดจองตามวันที่",IC110205.rpt,SQL,1908,ARCAT ARDETAIL ARFILE AROE BRANCH DEPTTAB DOCINFO DOCTYPE MKTPLAN PRJTAB PRMTPLAN TRANSTKH
517,SQL11001202,"รายงานสรุปเอกสาร ขายและรับคืน-แสดงยอดสินค้ามีภาษี,ยกเว้นภาษี",IC110202.rpt,SQL,1136,DOCINFO
518,SQL11001204,รายงานสรุปเอกสาร ขายและรับคืน ตามประเภทลูกหนี้,IC110204.rpt,SQL,1172,DOCINFO
519,SQL11001203,รายงานรายละเอียด เอกสารขายและรับคืน ตามประเภทลูกหนี้,IC110203.rpt,SQL,2257,DOCINFO
520,SQL11001201,รายงานรายละเอียด เอกสารขายและรับคืน ตามลูกหนี้,IC110201.rpt,SQL,2214,DOCINFO
522,SQL11001004_02,รายงานรายละเอียดการขาย แสดง Lot/Serial,IC110004_02.rpt,SQL,2943,DOCINFO
523,SQL11001004_01,รายงานรายละเอียดการขายสด แสดง Lot/Serial,IC110004_01.rpt,SQL,2943,DOCINFO
524,SQL11001200,รายงานรายละเอียด เอกสารขายและรับคืน ตามลูกหนี้(กรองสกุลเงิน),IC110200.rpt,SQL,1806,ARCAT ARDETAIL ARFILE BRANCH BRAND DEPTTAB DOCINFO DOCTYPE EXCHANGERATE GOODSMASTER ICCAT ICCOLOR ICDEPT ICSIZE MKTPLAN PRJTAB PRMTPLAN SALESMAN SHIPBY SKUALT SKUMASTER SLDETAIL TRANSTKD TRANSTKH VATTABLE WAREHOUSE WARELOCATION
525,TFRM1080201,ใบเบิกสินค้า Text Mode,TDOC10801.txt,TFRM,0,
527,SQL12000001_1,รายงานใบเบิกสินค้าตามเอกสาร,IC120001_1.rpt,SQL,1696,DOCINFO
531,SQL120010113,รายงานสรุปใบเบิกสินค้า - ตามเอกสาร,IC120062.rpt,SQL,880,DOCINFO
534,SQL12000012,รายงานสรุปเบิกใช้ ตามสินค้า,IC120012.rpt,SQL,1209,TRANSTKD
535,SQL12000025,รายงานสรุปใบเบิกใช้สินค้า ตามหมวด,IC120025.rpt,SQL,1237,TRANSTKD
536,SQL12000027,รายงานสรุปใบเบิกใช้สินค้า ตามโครงการ,IC120027.rpt,SQL,1227,TRANSTKD
537,SQL12000028,รายงานสรุปใบเบิกใช้สินค้า ตามแผนก,IC120028.rpt,SQL,1233,TRANSTKD
538,SQL120010031,รายงานรายละเอียดเบิกใช้สินค้า ตามสินค้า,IC120003.rpt,SQL,1668,DOCINFO
539,SQL120010061,รายงานรายละเอียดเบิกใช้สินค้า ตามหมวด,IC120006.rpt,SQL,1735,DOCINFO
540,SQL120010101,รายงานรายละเอียดเบิกใช้สินค้า ตามโครงการ,IC120010.rpt,SQL,1702,DOCINFO
541,SQL120010111,รายงานรายละเอียดเบิกใช้สินค้า ตามแผนก,IC120011.rpt,SQL,1668,DOCINFO
542,FRM1080101,ใบเบิกสินค้า พร้อมรหัสสินค้า,DOC10801.RPT,FRM,0,
543,FRM1080102,ใบเบิกสินค้า แบบเส้นตาราง พร้อมรหัสสินค้า,DOC10802.RPT,FRM,0,
544,FRM0080102,ใบขอเบิกสินค้า แบบเส้นตาราง พร้อมรหัสสินค้า,DOC00802.rpt,FRM,2025,ARPRICETAB DOCINFO
545,FRM0080101,ใบขอเบิกสินค้า พร้อมรหัสสินค้า,DOC00801.rpt,FRM,2025,ARPRICETAB DOCINFO
548,SQL120010114,รายงานสรุปใบขอเบิกสินค้า - ตามเอกสาร,IC120062.rpt,SQL,880,DOCINFO
549,TFRM0080101,ฟอร์มเอกสารขอเบิก พร้อมรหัส Text Mode,TDOC00801.txt,TFRM,2025,ARPRICETAB DOCINFO
550,FRM0080103,ใบขอเบิกสินค้า (Letter),DOC00803.rpt,FRM,2025,ARPRICETAB DOCINFO
551,SQL120010116,รายงานรายละเอียดใบขอเบิกสินค้า- ตามเอกสาร,IC120062_2.rpt,SQL,1626,DOCINFO
552,FRM1220101,ใบคืนเบิกสินค้า พร้อมรหัสสินค้า,DOC12201.RPT,FRM,0,
553,FRM1220102,ใบคืนเบิกสินค้า แบบเส้นตาราง พร้อมรหัสสินค้า,DOC12202.RPT,FRM,0,
554,TFRM1220201,ใบคืนเบิกใช้สินค้า Text Mode,TDOC12201.txt,TFRM,0,
557,SQL12000001_2,รายงานใบคืนเบิกสินค้าตามเอกสาร,IC120001.rpt,SQL,1675,DOCINFO
559,SQL120010115,รายงานสรุปใบคืนจากเบิก - ตามเอกสาร,IC120062.rpt,SQL,880,DOCINFO
563,SQL12000028_1,รายงานสรุปใบคืนเบิกสินค้า ตามแผนก,IC120028_1.rpt,SQL,1233,TRANSTKD
564,SQL120010272,รายงานสรุปคืนเบิกใช้สินค้า ตามโครงการ,IC120027_1.rpt,SQL,1227,TRANSTKD
565,SQL12000012_1,รายงานสรุปคืนเบิก ตามสินค้า,IC120012_1.rpt,SQL,1207,TRANSTKD
566,SQL12000025_1,รายงานสรุปใบคืนเบิกสินค้า ตามหมวด,IC120025.rpt,SQL,1237,TRANSTKD
567,SQL120010062,รายงานรายละเอียดคืนเบิกใช้สินค้า ตามหมวด,IC120006.rpt,SQL,1735,DOCINFO
568,SQL120010032,รายงานรายละเอียดคืนเบิกใช้สินค้า ตามสินค้า,IC120003_1.rpt,SQL,1668,DOCINFO
569,SQL120010102,รายงานรายละเอียดคืนเบิกใช้สินค้า ตามโครงการ,IC120010_1.rpt,SQL,1702,DOCINFO
570,SQL120010112,รายงานรายละเอียดคืนเบิกใช้สินค้า ตามแผนก,IC120011_1.rpt,SQL,1668,DOCINFO
571,SQL12001049,รายงานขอโอนย้ายเทียบกับใบโอนย้าย,IC120049.rpt,SQL,974,BRANCH DEPTTAB DOCINFO DOCTYPE PRJTAB SKUMASTER TRANSTKD TRANSTKH WARELOCATION
573,FRM1100101,ใบโอนย้ายสินค้า พร้อมรหัสสินค้า,DOC11001.RPT,FRM,0,
574,FRM1100102,ใบโอนย้ายสินค้า แบบเส้นตาราง พร้อมรหัสสินค้า,DOC11002.RPT,FRM,0,
579,SQL12001071,รายงานสรุปใบโอนย้ายสินค้า- ตามเอกสาร,IC120063.rpt,SQL,807,DOCINFO
580,SQL12001007,รายงานรายละเอียดโอนย้ายสินค้าตามเอกสาร,IC120007.rpt,SQL,1650,DOCINFO
582,SQL12001044,รายงานสรุปโอนย้ายสินค้า ตามสินค้า,IC120044.rpt,SQL,1841,DOCINFO
583,SQL12001046,รายงานสรุปโอนย้ายสินค้า ตามหมวด,IC120046.rpt,SQL,1908,DOCINFO
584,SQL12001048,รายงานสรุปโอนย้ายสินค้า ตามโครงการ,IC120048.rpt,SQL,1875,DOCINFO
585,SQL12001039,รายงานรายละเอียดโอนย้ายสินค้า ตามหมวด,IC120039.rpt,SQL,1908,DOCINFO
586,SQL12001041,รายงานรายละเอียดโอนย้ายสินค้า ตามโครงการ,IC120041.rpt,SQL,1875,DOCINFO
587,TFRM1100201,ใบโอนย้ายคลัง พร้อมรหัส Text Mode,TDOC11001.txt,TFRM,0,
588,SQL12001008,รายงานรายละเอียดโอนย้ายสินค้า ตามสินค้า,IC120008.rpt,SQL,1841,DOCINFO
589,SQL16304007,รายงานสรุป-ย้ายสินค้าออกจากคลัง,RP163007.rpt,SQL,1376,BRAND DEPTTAB DOCINFO DOCTYPE ICCAT ICDEPT SKUMASTER SKUMOVE TRANSTKD TRANSTKH UOFQTY WAREHOUSE WARELOCATION
590,SQL16304004,รายงานสรุปการรับย้าย,RP163004.rpt,SQL,1217,DEPTTAB DOCINFO DOCTYPE SKUMASTER SKUMOVE TRANSTKD TRANSTKH UOFQTY WAREHOUSE WARELOCATION
592,FRM0100102,ใบขอโอนย้ายสินค้า แบบเส้นตาราง พร้อมรหัสสินค้า,DOC01002.rpt,FRM,2325,ARPRICETAB DOCINFO
593,FRM0100101,ใบขอโอนย้ายสินค้า พร้อมรหัสสินค้า,DOC01001.rpt,FRM,2325,ARPRICETAB DOCINFO
594,TFRM0100101,ฟอร์มเอกสารขอโอนย้าย พร้อมรหัส TextMode,TDOC01001.txt,TFRM,2325,ARPRICETAB DOCINFO
597,SQL12001075,รายงานสรุปใบขอโอนย้ายสินค้า- ตามเอกสาร,IC120063.rpt,SQL,807,DOCINFO
598,FRM0100104,ใบขอโอนย้ายสินค้า (Letter),DOC01004.rpt,FRM,2325,ARPRICETAB DOCINFO
599,FRM1090101,ใบตัดชำรุดสินค้า พร้อมรหัสสินค้า,DOC10901.RPT,FRM,0,
600,FRM1090102,ใบตัดชำรุดสินค้า แบบเส้นตาราง พร้อมรหัสสินค้า,DOC10902.RPT,FRM,0,
601,TFRM1090201,ใบตัดชำรุดสินค้า Text Mode,TDOC10901.txt,TFRM,0,
604,SQL12001002,รายงานการตัดชำรุดสินค้า,IC120002.rpt,SQL,1433,DOCINFO
606,SQL12001072,รายงานสรุปใบตัดชำรุดสินค้า- ตามเอกสาร,IC120063.rpt,SQL,807,DOCINFO
609,SQL12001033,รายงานสรุปการตัดชำรุดสินค้า ตามสินค้า,IC120033.rpt,SQL,1604,DOCINFO
610,SQL12001035,รายงานสรุปการตัดชำรุดสินค้า ตามหมวด,IC120035.rpt,SQL,1671,DOCINFO
611,SQL12001037,รายงานสรุปการตัดชำรุดสินค้า ตามโครงการ,IC120037.rpt,SQL,1638,DOCINFO
612,SQL12001030,รายงานรายละเอียดตัดชำรุดสินค้า ตามหมวด,IC120030.rpt,SQL,1671,DOCINFO
613,SQL12001004,รายงานรายละเอียดตัดชำรุดสินค้า ตามสินค้า,IC120004.rpt,SQL,1604,DOCINFO
614,SQL12001032,รายงานรายละเอียดตัดชำรุดสินค้า ตามโครงการ,IC120032.rpt,SQL,1638,DOCINFO
615,FRM0090102,ใบขอตัดชำรุดสินค้า แบบเส้นตาราง พร้อมรหัสสินค้า,DOC00902.rpt,FRM,2025,ARPRICETAB DOCINFO
616,FRM0090101,ใบขอตัดชำรุดสินค้า พร้อมรหัสสินค้า,DOC00901.rpt,FRM,2025,ARPRICETAB DOCINFO
617,TFRM0090101,ฟอร์มเอกสารขอตัดชำรุด พร้อมรหัส Text Mode,TDOC00901.txt,TFRM,2025,ARPRICETAB DOCINFO
620,SQL12001076,รายงานสรุปใบขอตัดชำรุดสินค้า- ตามเอกสาร,IC120063.rpt,SQL,807,DOCINFO
621,FRM0090103,ใบขอตัดชำรุดสินค้า (Letter),DOC00903.rpt,FRM,2025,ARPRICETAB DOCINFO
622,FRM1120102,ใบรับสินค้าจากการผลิต แบบเส้นตาราง พร้อมรหัสสินค้า,DOC11202.RPT,FRM,0,
623,FRM1120101,ใบรับสินค้าจากการผลิต พร้อมรหัสสินค้า,DOC11201.RPT,FRM,0,
624,TFRM1120201,ใบรับสินค้าจากการผลิต Text Mode,TDOC11201.txt,TFRM,0,
625,SQL12001013,รายงานรายละเอียดใบรับจากการผลิต ตามเอกสาร,IC120013.rpt,SQL,1626,DOCINFO
629,SQL12001070,รายงานสรุปใบรับจากการผลิต - ตามเอกสาร,IC120063.rpt,SQL,807,DOCINFO
632,SQL12001052,รายงานสรุปรับสินค้าจากการผลิต ตามสินค้า,IC120052.rpt,SQL,1692,DOCINFO
633,SQL12001054,รายงานสรุปรับสินค้าจากการผลิต ตามหมวด,IC120054.rpt,SQL,1759,DOCINFO
634,SQL12001056,รายงานสรุปรับสินค้าจากการผลิต ตามโครงการ,IC120056.rpt,SQL,1726,DOCINFO
635,SQL12001051,รายงานรายละเอียดรับสินค้าจากการผลิต ตามโครงการ,IC120051.rpt,SQL,1726,DOCINFO
636,SQL12001016,รายงานรายละเอียดรับสินค้าจากการผลิต ตามหมวด,IC120016.rpt,SQL,1759,DOCINFO
637,SQL12001014,รายงานรายละเอียดรับสินค้าจากการผลิต ตามสินค้า,IC120014.rpt,SQL,1692,DOCINFO
638,FRM1110101,ใบแปรรูปสินค้า พร้อมรหัสสินค้า,DOC11101.RPT,FRM,0,
639,FRM1110102,ใบแปรรูปสินค้า แบบเส้นตาราง พร้อมรหัสสินค้า,DOC11102.RPT,FRM,0,
640,SQL12001018,รายงานรายละเอียดบันทึกการแปรรูปสินค้า ตามเอกสาร,IC120018.rpt,SQL,1623,DOCINFO
641,TFRM1110201,ใบแปรรูปสินค้า Text Mode,TDOC11101.txt,TFRM,0,
646,SQL12001073,รายงานสรุปใบแปรรูปสินค้า- ตามเอกสาร,IC120063.rpt,SQL,809,DOCINFO
648,SQL12001057,รายงานสรุปการแปรรูป ตามสินค้า,IC120057.rpt,SQL,1707,DOCINFO
649,SQL12001059,รายงานสรุปการแปรรูป ตามหมวด,IC120059.rpt,SQL,1774,DOCINFO
650,SQL12001061,รายงานสรุปการแปรรูป ตามโครงการ,IC120061.rpt,SQL,1741,DOCINFO
651,SQL12001021,รายงานรายละเอียดการแปรรูป ตามหมวด,IC120021.rpt,SQL,1774,DOCINFO
652,SQL12001023,รายงานรายละเอียดการแปรรูป ตามโครงการ,IC120023.rpt,SQL,1741,DOCINFO
653,SQL12001019,รายงานรายละเอียดการแปรรูป ตามสินค้า,IC120019.rpt,SQL,1707,DOCINFO
654,SQL120010742,รายงานรายละเอียดใบขอผลิตสินค้า- ตามเอกสาร,IC120063_2.rpt,SQL,1626,DOCINFO
655,FRM0120101,ใบขอผลิตสินค้า พร้อมรหัสสินค้า,DOC01201.rpt,FRM,2149,APPRICETAB DOCINFO
656,FRM0120102,ใบขอผลิตสินค้า แบบเส้นตาราง พร้อมรหัสสินค้า,DOC01202.rpt,FRM,2149,APPRICETAB DOCINFO
657,TFRM0120101,ฟอร์มเอกสารขอผลิต พร้อมรหัส TextMode,TDOC01201.txt,TFRM,2149,APPRICETAB DOCINFO
659,SQL12001074,รายงานสรุปใบขอผลิตสินค้า- ตามเอกสาร,IC120063_1.rpt,SQL,809,DOCINFO
661,FRM0120103,ใบขอผลิตสินค้า (Letter),DOC01203.rpt,FRM,2149,APPRICETAB DOCINFO
662,FRM0110101,ใบขอแปรรูปสินค้า พร้อมรหัสสินค้า,DOC01101.rpt,FRM,2116,APPRICETAB DOCINFO
663,FRM0110102,ใบขอแปรรูปสินค้า แบบเส้นตาราง พร้อมรหัสสินค้า,DOC01102.rpt,FRM,2116,APPRICETAB DOCINFO
664,TFRM0110101,ฟอร์มเอกสารขอแปรรูป พร้อมรหัส TextMode,TDOC01101.txt,TFRM,2116,APPRICETAB DOCINFO
667,SQL12001077,รายงานสรุปใบขอแปรรูปสินค้า- ตามเอกสาร,IC120063.rpt,SQL,807,DOCINFO
668,FRM0110103,ใบขอแปรรูปสินค้า (Letter),DOC01103.rpt,FRM,2116,APPRICETAB DOCINFO
670,SQL10201001,รายงานใบสั่งซื้อสินค้าค้างรับตามเอกสาร,IC102001.rpt,SQL,2126,APCAT APCONDITION APFILE APPO BRANCH DEPTTAB DOCINFO DOCTYPE GOODSMASTER PRJTAB SHIPBY SKUMASTER TRANSTKD TRANSTKH WAREHOUSE WARELOCATION
672,RP17601001,รายงานสินค้าค้างรับแสดงผู้จำหน่ายและโครงการ,IC176001.rpt,RP,0,
673,RP17601003,รายงานค้างรับตามผู้จำหน่ายแสดงโครงการและสินค้า,IC176003.rpt,RP,0,
674,RP17601005,รายงานค้างรับตามโครงการแสดงผู้จำหน่ายและสินค้า,IC176005.rpt,RP,0,
675,RP17601006,รายงานค้างรับตามแผนกแสดงผู้จำหน่ายและสินค้า,IC176006.rpt,RP,0,
676,RP17601002,รายงานสินค้าค้างรับแสดงผู้จำหน่ายและแผนก,IC176002.rpt,RP,0,
677,RP17601004,รายงานค้างรับตามผู้จำหน่ายแสดงแผนกและสินค้า,IC176004.rpt,RP,0,
678,RP17601007,รายงานค้างรับตามตำแหน่งเก็บแสดงผู้จำหน่ายและสินค้า,IC176007.rpt,RP,0,
681,RP1020100.1,รายงานใบสั่งซื้อ-ถึงกำหนดรับ,IC102004.rpt,RP,0,
682,RP1020100.2,รายงานใบสั่งซื้อ-.ใกล้หมดอายุ,IC102005.rpt,RP,0,
685,RP1930001,รายงานใบสั่งซื้อค้างรับ แสดงสินค้าคงเหลือ,IC193001.rpt,RP,0,
686,FRM40202002,ใบสำคัญรับ (Dot Matrix ),DOC40202.rpt,FRM,0,
687,FRM40202001,ใบสำคัญรับ(A4),DOC40201.rpt,FRM,0,
688,SQL0104002,รายงานสรุปใบสำคัญรับ,GL040002.rpt,SQL,569,DOCINFO
690,FRM40302002,ใบสำคัญจ่าย(Dot Matrix),DOC40302.rpt,FRM,0,
691,FRM40302001,ใบสำคัญจ่าย(A4),DOC40301.rpt,FRM,0,
693,TFRM5030201,ใบสำคัญจ่าย Text Mode,TDOC40301.txt,TFRM,0,
695,SQL0104003,รายงานสรุปใบสำคัญจ่าย,GL040002.rpt,SQL,569,DOCINFO
696,RP954001,รายงานสภาพทรัพย์สินที่ยังใช้งานอยู่,FA954001.rpt,RP,0,
698,SQL00103001,รายงานประวัติทรัพย์สินถาวร,FA001001.rpt,SQL,1028,FIXASSET
699,SQL00103007,รายงานรายละเอียดการซื้อในแฟ้มทรัพย์สินถาวร,FA001007.rpt,SQL,553,FIXASSET
700,SQLCQB02206002,พิมพ์เช็คลงฟอร์ม ธ.ไทยธนาคาร (พิมพ์เครื่อง Laser),CQB02202.rpt,SQLCQB,437,CHEQUEBOOK
701,SQLCQB02206004,Form Print Cheque TB (Laser),CQB02204.rpt,SQLCQB,437,CHEQUEBOOK
702,SQLCQB02406002,พิมพ์เช็คลงฟอร์ม ธ.เอเชีย (พิมพ์เครื่อง Laser),CQB02402.rpt,SQLCQB,437,CHEQUEBOOK
703,SQLCQB02406004,Form Print Cheque BOA (Laser),CQB02404.rpt,SQLCQB,437,CHEQUEBOOK
704,SQLCQB02506002,พิมพ์เช็คลงฟอร์ม ธ.กรุงศรีอยุธยา (พิมพ์เครื่อง Laser),CQB02502.rpt,SQLCQB,437,CHEQUEBOOK
705,SQLCQB02506004,Form Print Cheque BAY (Laser),CQB02504.rpt,SQLCQB,437,CHEQUEBOOK
706,SQLCQB01006002,พิมพ์เช็คลงฟอร์ม ธ.แห่งโตเกียว-มิตซูบิชิ (Laser),CQB01002.rpt,SQLCQB,437,CHEQUEBOOK
707,SQLCQB01006004,Form Print Cheque TOKYO (Laser),CQB01004.rpt,SQLCQB,437,CHEQUEBOOK
708,SQLCQB01506002,พิมพ์เช็คลงฟอร์ม ธ.นครหลวงไทย (พิมพ์เครื่อง Laser),CQB01502.rpt,SQLCQB,437,CHEQUEBOOK
709,SQLCQB01506004,Form Print Cheque SCIB (Laser),CQB01504.rpt,SQLCQB,437,CHEQUEBOOK
710,SQLCQB00206002,พิมพ์เช็คลงฟอร์ม ธ.กรุงเทพ (พิมพ์เครื่อง Laser),CQB00202.rpt,SQLCQB,457,CHEQUEBOOK
711,SQLCQB00206004,Form Print Cheque BBL (Laser),CQB00204.rpt,SQLCQB,437,CHEQUEBOOK
712,SQLCQB00406002,พิมพ์เช็คลงฟอร์ม ธ.กสิกรไทย (พิมพ์เครื่อง Laser),CQB00402.rpt,SQLCQB,437,CHEQUEBOOK
713,SQLCQB00406004,Form Print Cheque TFB (Laser),CQB00404.rpt,SQLCQB,437,CHEQUEBOOK
714,SQLCQB01106002,พิมพ์เช็คลงฟอร์ม ธ.ทหารไทย (พิมพ์เครื่อง Laser),CQB01102.rpt,SQLCQB,437,CHEQUEBOOK
715,SQLCQB01106004,Form Print Cheque TMB (Laser),CQB01104.rpt,SQLCQB,437,CHEQUEBOOK
716,SQLCQB00606002,พิมพ์เช็คลงฟอร์ม ธ.กรุงไทย (พิมพ์เครื่อง Laser),CQB00602.rpt,SQLCQB,437,CHEQUEBOOK
717,SQLCQB00606004,Form Print Cheque KTB (Laser),CQB00604.rpt,SQLCQB,437,CHEQUEBOOK
718,SQLCQB01406002,พิมพ์เช็คลงฟอร์ม ธ.ไทยพาณิชย์ (พิมพ์เครื่อง Laser),CQB01402.rpt,SQLCQB,437,CHEQUEBOOK
719,SQLCQB01406004,Form Print Cheque SCB (Laser),CQB01404.rpt,SQLCQB,437,CHEQUEBOOK
721,SQLCQB01402001,พิมพ์เช็คลงฟอร์ม ธ.ธนชาติ (เครื่องพิมพ์ Laser),CQB01402_T.rpt,SQLCQB,437,CHEQUEBOOK
722,TFORM2L1120,ใบพิมพ์ฟอร์ม 20cpi 11inc 2 ระดับ,TFORM2L1120.TXT,TFORM,110,COMPANYINFO
723,TFORM2L1117,ใบพิมพ์ฟอร์ม 17cpi 11inc 2 ระดับ,TFORM2L1117.TXT,TFORM,110,COMPANYINFO
724,TFORM2L1115,ใบพิมพ์ฟอร์ม 15cpi 11inc 2 ระดับ,TFORM2L1115.TXT,TFORM,110,COMPANYINFO
725,TFORM2L1112,ใบพิมพ์ฟอร์ม 12cpi 11inc 2 ระดับ,TFORM2L1112.TXT,TFORM,110,COMPANYINFO
726,TFORM3L1120,ใบพิมพ์ฟอร์ม 20cpi 11inc 3 ระดับ,TFORM3L1120.TXT,TFORM,110,COMPANYINFO
727,TFORM3L1117,ใบพิมพ์ฟอร์ม 17cpi 11inc 3 ระดับ,TFORM3L1117.TXT,TFORM,110,COMPANYINFO
728,TFORM3L1115,ใบพิมพ์ฟอร์ม 15cpi 11inc 3 ระดับ,TFORM3L1115.TXT,TFORM,110,COMPANYINFO
729,TFORM3L1112,ใบพิมพ์ฟอร์ม 12cpi 11inc 3 ระดับ,TFORM3L1112.TXT,TFORM,110,COMPANYINFO
730,FRM40402001,ใบสำคัญทั่วไป(A4),DOC40401.rpt,FRM,0,
731,FRM40402002,ใบสำคัญทั่วไป(Dot Matrix),DOC40402.rpt,FRM,0,
732,FRM404003,รายงานใบสำคัญทั่วไป,GV404001.rpt,FRM,0,
734,SQL0104004,รายงานสรุปใบสำคัญทั่วไป,GL040002.rpt,SQL,569,DOCINFO
735,FRM40502001,ฟอร์มใบจ่ายค่าคอมมิชชั่น,DOC40501.rpt,FRM,0,
736,FRM405005,รายงานสรุปยอดจ่ายค่าคอมมิชชั่น,IC405005.rpt,FRM,0,
738,SQL0103001,รายงานสรุปใบจ่ายคอมมิชชั่น,GL030001.rpt,SQL,426,DOCINFO
739,RP55402001,รายงานสรุปประมาณยอดเงินจ่าย,AP554001.rpt,RP,0,
740,RP55402002,รายงานรายละเอียดประมาณยอดเงินจ่าย,AP554002.rpt,RP,0,
741,RP55702003,รายงานรายละเอียดวิเคราะห์อายุหนี้-เจ้าหนี้,AP557001.rpt,RP,0,
742,RP55702002,รายงานสรุปวิเคราะห์อายุหนี้-เจ้าหนี้,AP557002.rpt,RP,0,
743,RP551003001,รายงานลำดับยอดเจ้าหนี้,AP551003.rpt,RP,0,
746,MP003001,รายงานสรุปการแลกแต้ม,MP003001.rpt,MP,563,BRANCH MBPOINT MBTYPE MEMBER SYSLOOKUP
748,MP003002,รายงานรายละเอียดการแลกแต้ม,MP003002.rpt,MP,582,BRANCH MBPOINT MBTYPE MEMBER SYSLOOKUP
749,MP0010011,ใบแจ้งยอดสมาชิก,DOCMP001.rpt,MP,842,BRANCH MBPOINT MEMBER SYSLOOKUP
750,MP001002,รายงานรายละเอียดยอดสมาชิก,MP001002.rpt,MP,738,BRANCH MBPOINT MBTYPE MEMBER SYSLOOKUP
751,SQL0402001,รายงานรายชื่อและที่อยู่สมาชิกที่ยอดซื้อสูงสุด,MB040001.rpt,SQL,704,BRANCH MBPOINT MBTYPE MEMBER SYSLOOKUP
754,RP90201003,รายงานรายละเอียดยอดหนี้ตามพนักงานขาย-หักชำระเช็ค,SL902003.rpt,RP,0,
757,RP90101001,รายงานสรุปยอดหนี้ตามพนักงานขาย,SL901001.rpt,RP,0,
758,RP90201001,รายงานรายละเอียดยอดหนี้ตามพนักงานขายและเอกสาร,SL902001.rpt,RP,0,
759,RP90201002,รายงานรายละเอียดยอดหนี้ตามพนักงานขายและลูกหนี้,SL902002.rpt,RP,0,
760,RP90301001,รายงานยอดหนี้ตามพนักงานขายครบกำหนดชำระ,SL903001.rpt,RP,0,
762,SQL00102004,รายงานรายละเอียดเช็คเด้ง,BK206001.RPT,SQL,803,DOCINFO
763,FRM25502001,ใบอนุมัติจ่าย-1,DOC25501.rpt,FRM,0,
764,FRM25502002,ใบอนุมัติจ่าย-2,DOC25502.rpt,FRM,0,
765,SQL00202002,รายงานรายละเอียดใบอนุมัติจ่าย,FN002002.rpt,SQL,1332,APCAT APDETAIL DOCINFO DOCTYPE TRANPAYA TRANPAYH VATTABLE
766,TFRM2550201,ใบอนุมัติจ่าย Text Mode,TDOC25501.txt,TFRM,0,
769,SQL00202001,รายงานรายละเอียดใบอนุมัติจ่าย ตามผู้จำหน่าย,FN002001.rpt,SQL,1393,APCAT APDETAIL DOCINFO DOCTYPE EXCHANGERATE TRANPAYA TRANPAYH VATTABLE
770,SQL00202011,รายงานสรุปใบอนุมัติจ่าย ตามผู้จำหน่าย,FN002011.rpt,SQL,1875,APCAT APDETAIL DOCINFO DOCTYPE EXCHANGERATE TRANPAYA TRANPAYH VATTABLE
771,SQL00202012,รายงานสรุปใบอนุมัติจ่าย ตามวันที่,FN002012.rpt,SQL,1765,APCAT APDETAIL DOCINFO DOCTYPE TRANPAYA TRANPAYH VATTABLE
773,SQL00202013,รายงานสรุปใบขออนุมัติจ่าย,AP103008.rpt,SQL,534,DOCINFO
775,RP56802001,รายงานการ์ดเจ้าหนี้ - ไม่รวมเงินมัดจำ,AP556001.rpt,RP,0,
777,RP56102001,รายงานสรุปการเคลื่อนไหวเจ้าหนี้ตามรหัสบัญชี,AP561001.rpt,RP,0,
778,RP55602001,รายงานการ์ดเจ้าหนี้,AP556001.rpt,RP,0,
779,RP55802001,รายงานสรุปเคลื่อนไหวยอดเจ้าหนี้,AP558001.rpt,RP,0,
780,SQL34205001,ใบเตรียมเช็คจ่าย,DOC34201.rpt,SQL,1171,DOCINFO
781,SQL3010024,รายงานสรุปใบเตรียมเช็คจ่าย,CQ030003.rpt,SQL,246,DOCINFO
782,SQL00202005,รายงานใบเตรียมเช็คจ่าย ตามเอกสาร,DOC21301.RPT,SQL,982,DOCINFO
784,RP70602002,รายงานประมาณเงินรับจากเช็ครับ สรุปยอดตามวันที่พิมพ์,CQ706002.rpt,RP,0,
785,RP70602001,รายงานประมาณเงินรับจากเช็ครับ ตามธนาคาร,CQ706001.rpt,RP,0,
787,RP75702002,รายงานประมาณเงินจ่ายจากเช็คจ่าย สรุปยอดตามวันที่พิมพ์,CQ757002.rpt,RP,0,
788,RP75702001,รายงานประมาณเงินจ่ายจากเช็คจ่าย,CQ757001.rpt,RP,0,
790,SQL10010001,รายงานสรุปเอกสาร ขายและรับคืน-พนง.ขาย-ทุน-กำไร,IC1010001.RPT,SQL,1447,SKUMOVE
791,SQL11001043,รายงานรายละเอียดสินค้าและแคมเปญในเอกสารขายตามวันที่กำหนด,IC110043.rpt,SQL,2864,TRANSTKD
792,XX0105,รายงานสรุป- สมุดรายวันรับคืน,WL010105.rpt,XX,1060,DOCINFO
793,XX0103,รายงานสรุป- สมุดรายวันซื้อ,WL010103.rpt,XX,1135,DOCINFO
794,XX0106,รายงานสรุป- สมุดรายวันส่งคืน,WL010106.rpt,XX,1119,DOCINFO
795,XX0107,รายงานสรุป- สมุดรายวันเบิกใช้,WL010107.rpt,XX,980,DOCINFO
796,XX0108,รายงานสรุป- สมุดรายวันชำรุด,WL010108.rpt,XX,969,DOCINFO
797,XX0109,รายงานสรุป- สมุดรายวันวัตถุดิบ(ใบแปรรูป),WL010109.rpt,XX,1012,DOCINFO
798,XX0110,รายงานสรุป- สมุดรายวันรับจากการผลิต,WL010110.rpt,XX,978,DOCINFO
799,XX0112,รายงานสรุป- สมุดรายวันผลผลิต(ใบแปรรูป),WL010112.rpt,XX,979,DOCINFO
803,XX0113,รายงานสรุป- สมุดรายวันคืนเบิก,WL010107.rpt,XX,975,DOCINFO
805,XX0104,รายงานสรุป- สมุดรายวันขาย,WL010104.rpt,XX,1061,DOCINFO
806,SQL01010005,รายงานแสดงสถานะการอนุมัติเอกสาร,DI010005.rpt,SQL,326,DFREASON DOCINFO DOCTYPE
807,สำเนาSQL01010003,สำเนารายงานตรวจสอบการบันทึกรายการ,DI010003.rpt,,289,DOCINFO
808,SQL01010003,รายงานตรวจสอบการบันทึกรายการ,DI010003.rpt,SQL,289,DOCINFO
809,SQL01010001,รายงานสภาพเอกสาร (AUDIT TRAIL),DI010001.rpt,SQL,1460,DELDILOG DOCINFO DOCTYPE
810,SQL01010004,รายงานการเปลี่ยน/ยกเลิกเอกสาร,DI010004.rpt,SQL,323,DFREASON DOCINFO DOCTYPE
812,SQL021040064,รายงานรหัสสินค้า - ข้อมูลวิเคราะห์การตลาดขั้นสูง,IC021037.rpt,SQL,1398,SKUMASTER
813,SQL02104009,รายงานรหัสสินค้าตัดสต็อกตามรายการ,IC021009.rpt,SQL,1145,BRAND ICCAT ICCOLOR ICDEPT ICGL ICPRT ICSIZE PACKINFO SKUALT SKUMASTER UOFQTY WAREHOUSE WARELOCATION
814,SQL021040065,รายงานรหัสสินค้า - ข้อมูลประกอบการสั่งซื้อและGP,IC021038.rpt,SQL,1776,APFILE BRAND ICCAT ICCOLOR ICDEPT ICGL ICPRT ICSIZE PURCQUOTATION SKUALT SKUAP SKUMASTER UOFQTY WAREHOUSE WARELOCATION
815,RP55202002,รายงานรายละเอียดยอดเจ้าหนี้ แบบละเอียด,AP552002.rpt,RP,0,
819,RP55102001,รายงานสรุปยอดเจ้าหนี้,AP551001.rpt,RP,0,
820,RP55202001,รายงานรายละเอียดยอดเจ้าหนี้ แบบย่อ,AP552001.rpt,RP,0,
821,SQLAP569005,รายงานรายละเอียดยอดเจ้าหนี้ เรียงตามวันครบกำหนดชำระ,AP569005.rpt,SQLAP,899,APDETAIL APFILE APPAYMENT DOCINFO
822,RP55902001,รายงานรายละเอียดเจ้าหนี้เกินวงเงินเครดิต,AP559001.rpt,RP,0,
823,RP55302001,รายงานรายละเอียดยอดเจ้าหนี้ครบกำหนดชำระ,AP553001.rpt,RP,0,
824,RP15303001,รายงานสมุดรายวัน สรุปตามประเภทเอกสาร,GL153001.RPT,RP,0,
826,RP15203001,รายงานสมุดรายวัน - เอกสาร*,GL152001.RPT,RP,0,
829,RP15103001,รายงานสมุดรายวัน,GL151001.RPT,RP,0,
830,RP15103004,รายงานสมุดรายวัน(เรียงตามเอกสาร),GL151004.RPT,RP,0,
832,RP15103002,ฟอร์มใบสำคัญรายวัน,GL151002.RPT,RP,0,
834,RP51303001,รายงานตรวจสอบเอกสารตั้งหนี้ที่รับชำระเกิน,AR513001.rpt,RP,0,
835,SQL020100017,รายงานตรวจสอบวันที่เอกสารขายกับวันที่เอกสารรับชำระ,DI020002.rpt,SQL,287,ARDETAIL
836,SQL020100020,รายงานตรวจสอบวันที่เอกสารเช็คผ่านกับวันที่เอกสารรับชำระ,DI020005.rpt,SQL,626,ARPAYMENT DOCINFO PAYMENTTYPE
838,RP51403001,รายงานตรวจสอบเอกสารรับชำระเกินกว่าเอกสารตั้งหนี้,AR514001.rpt,RP,0,
839,RP5210001,รายงานสรุปยอดขาย ตามลูกหนี้,AR521001.rpt,RP,0,
841,SQL09100001,รายงานรายละเอียดประเภทเอกสาร,DI090001.rpt,SQL,39,DOCTYPE
842,SQL02104034,การ์ดสินค้า,IC021034.rpt,SQL,1443,ARPLU ARPRICETAB BRAND GOODSMASTER ICCAT PRICETAG SKUALT SKUMASTER UOFQTY
843,SQL02104041,รายงานสินค้าไม่มีผู้จำหน่ายหลัก/ผู้จำหน่ายหลักมากกว่า 1 รหัส,IC021041.rpt,SQL,446,BRAND ICCAT ICDEPT SKUAP SKUMASTER
844,SQL02104011,พิมพ์บาร์โค้ดตามราคาทั่วไป,IC021011.rpt,SQL,661,SKUMASTER
846,SQLPRJ0701,รายงาน-รหัสโครงการ,SETPRJ01.rpt,SQLPRJ,234,PRJTAB
848,AR509001_2,รายงานรายละเอียดเอกสารลูกหนี้เกินวงเงินเครดิต,AR509001.rpt,AR,0,
849,RP50902002,รายงานสรุปลูกหนี้เกินวงเงินเครดิต,AR509002.rpt,RP,0,
850,RP50902003,รายงานสรุปลูกหนี้เกินวงเงินพร้อมวันที่บิลแรกและบิลสุดท้าย,AR509003.rpt,RP,0,
851,SQL10100001.1,เมนูรายงาน - ระบบเครื่องบันทึกเงินสด,RP100001.rpt,SQL,246,REPORTFILE
852,SQL10100001.2,เมนูรายงาน - เฉพาะที่ผู้ใช้สร้างเพิ่มเอง,RP100001.rpt,SQL,268,REPORTFILE
855,SQL10100001,เมนูรายงาน - ระบบบัญชี Business Plus V.2.0-722,RP100001.rpt,SQL,247,REPORTFILE
856,SQL25040001,รายงานรายละเอียดเครื่องนับสต็อก,PKH25001.rpt,SQL,180,POCKETH
857,SQL08050002,รายงาน -รหัสกลุ่มงานขาย,SETSLU001.rpt,SQL,241,MISCLOOKUP
858,SQL08050003,รายงาน -รหัสเขตงานขาย,SETSLA001.rpt,SQL,241,MISCLOOKUP
859,SQL08050004,รายงาน -รหัสหน่วยงานขาย,SETSLT001.rpt,SQL,241,MISCLOOKUP
860,SQL08050005,รายงาน -รหัสสายงานขาย,SETSLL001.rpt,SQL,241,MISCLOOKUP
861,SQL00005001,รายงานคอมมิชชั่นตามประเภทสินค้า,SL000001.rpt,SQL,314,COMMRATEH
862,SQL00005002,รายงานคอมมิชชั่นตามยี่ห้อสินค้า,SL000002.rpt,SQL,304,COMMRATEH
863,SQL00005003,รายงานคอมมิชชั่นตามหมวดสินค้า,SL000003.rpt,SQL,351,COMMRATEH
864,SQL08050001,รายงาน-รายชื่อพนักงานขาย,SETSLM001.rpt,SQL,728,MISCLOOKUP
865,SQL08050006,รายงาน -รหัสประเภทพนักงานขาย,SETSLC001.rpt,SQL,248,MISCLOOKUP
868,SQL02020001,รายงาน- ประเภทคอมมิชชั่น,COM02001.rpt,SQL,746,COMMRATEH
870,SQL04070001,รายงาน -อัตราแลกเปลี่ยน,CUR04001.rpt,SQL,119,EXCHANGERATE
871,SQL02070001,รายงาน -รหัสสาขา,SETBRC001.rpt,SQL,256,MISCLOOKUP
872,SQL02070002,รายงาน -รหัสแผนก,SETDEP001.rpt,SQL,284,MISCLOOKUP
874,SQL08050012,รายงาน -รหัสแผนการตลาด,SETMKP001.rpt,SQL,300,MISCLOOKUP
875,SQL08050013,รายงาน -รหัสแผนส่งเสริมการขาย,SETPMT001.rpt,SQL,311,MISCLOOKUP
876,SQL08050014,รายงานแผนส่งเสริมการขาย,SETPMT002.rpt,SQL,562,MISCLOOKUP
877,SQL02020002,รายงานบัตรส่วนลด,DSC02001.rpt,SQL,741,DISCOUNTH
878,SQL00305004,ซื้อจำนวนครบได้แลกซื้อ,SA003004.rpt,SQL,259,ARCAMPAIGN
879,SQL00305005,สินค้าแลกซื้อ,SA003005.rpt,SQL,451,ARCXCHG
880,SQL00305006,แสดงข้อความ,SA003006.rpt,SQL,221,ARCCOMMENT
881,SQL00305009,ซื้อมูลค่าครบได้ของแถม,SA003009.rpt,SQL,259,ARCAMPAIGN
882,SQL00305008,ซื้อสินค้าจำนวนครบ(ไม่แสดงจำนวน),SA003008.rpt,SQL,419,ARCBUY
883,SQL00305010,ซื้อมูลค่าครบได้แลกซื้อ,SA003010.rpt,SQL,259,ARCAMPAIGN
884,SQL00305011,ซื้อมูลค่าครบแสดงข้อความ,SA003011.rpt,SQL,259,ARCAMPAIGN
885,SQL00305001,ซื้อจำนวนครบได้แถม,SA003001.rpt,SQL,259,ARCAMPAIGN
886,SQL00305003,สินค้าแถม,SA003003.rpt,SQL,429,ARCFREE
887,SQL00305002,ซื้อสินค้าจำนวนครบ,SA003002.rpt,SQL,419,ARCBUY
888,SQL00305007,ซื้อจำนวนครบแสดงข้อความ,SA003007.rpt,SQL,259,ARCAMPAIGN
892,SQL00305012,รายงานรายละเอียดสินค้าในแคมเปญ,SA003012.rpt,SQL,500,ARCBUY
894,SQL11001207,"รายงานสรุปสั่งซื้อ , ขอซื้อ และสอบราคา ตามวันที่",IC110207.rpt,SQL,746,DOCINFO
895,SQL210003,ใบเสร็จรับเงิน/ใบกำกับภาษี,DOC210003.rpt,SQL,2548,ADDRBOOK ARDETAIL ARFILE BANKACCOUNT BANKFILE BRANCH DEPTTAB DOCINFO DOCTYPE PAYMENTTYPE PRJTAB TRANPAYA TRANPAYD TRANPAYH VATTABLE
896,SQL20302004,ใบเสร็จรับเงิน แสดงการลงบัญชี,DOC20304.rpt,SQL,3665,ACCOUNTCHART ADDRBOOK ARADDRESS ARFILE BANKACCOUNT BANKFILE DEPTTAB DOCINFO DOCTYPE PAYMENTTYPE TRANPAYA TRANPAYD TRANPAYH TRANPAYJ
897,FRM20302003,ใบเสร็จรับเงิน (Letter),DOC20303.rpt,FRM,0,
898,RP51002001,รายงานรายละเอียดยอดรับชำระรายวัน,AR510007.rpt,RP,0,
899,FRM20302001,ใบเสร็จรับเงิน,DOC20301.rpt,FRM,0,
900,FRM20302002,ใบเสร็จรับเงิน-แบบเส้นตาราง,DOC20302.rpt,FRM,0,
901,RP50502001,รายงานสรุปยอดรับชำระรายวัน,AR505001.rpt,RP,0,
902,TFRM2030201,ใบเสร็จรับเงิน Text Mode,TDOC20301.txt,TFRM,0,
904,SQL001030025,รายงานเอกสารที่รับชำระขาดหรือเกิน,DI103002.rpt,SQL,701,ARFILE ARPAYMENT DOCINFO DOCTYPE SYSLOOKUP TRANPAYD TRANPAYH
906,RP50500401,รายงานสรุปยอดรับชำระเงินสดรายวัน,AR505004.rpt,RP,0,
907,RP50500501,รายงานสรุปยอดรับชำระเช็ครายวัน,AR505005.rpt,RP,0,
910,SQL210002,ใบเสร็จรับเงิน/ใบกำกับภาษี แสดงรายละเอียดหัก ณ ที่จ่าย,DOC210002.rpt,SQL,3196,ADDRBOOK ARDETAIL ARFILE BANKACCOUNT BANKFILE BRANCH DEPTTAB DOCINFO DOCTYPE PAYMENTTYPE PRJTAB TRANPAYA TRANPAYD TRANPAYH TRANPAYI TRANSTKD TRANSTKH VATTABLE
911,FRM20502005,ใบวางบิล (Letter),DOC20505.rpt,FRM,0,
913,FRM20502003,ใบวางบิล แบบละเอียด,DOC20503.rpt,FRM,0,
914,FRM20502001,ใบวางบิล,DOC20501.rpt,FRM,0,
915,FRM20502004,ใบวางบิล-แบบเส้นตาราง,DOC20504.rpt,FRM,0,
917,TFRM2050201,ใบวางบิล Text Mode,TDOC20501.txt,TFRM,0,
919,SQL00102001,รายงานรายละเอียดใบวางบิล,FN001001.rpt,SQL,1278,ARCAT ARDETAIL ARFILE DOCINFO DOCTYPE TRANPAYA TRANPAYH
920,SQL00102011,รายงานสรุปใบวางบิล-เรียงตามลูกหนี้,FN001011.rpt,SQL,1498,DOCINFO
921,SQL00102012,รายงานสรุปใบวางบิล-เรียงตามวันที่,FN001012.rpt,SQL,1498,DOCINFO
924,SQL00103014,รายงานสรุปใบวางบิล,AR103008.rpt,SQL,777,DOCINFO
925,SQL00103016,รายงานสรุปใบเตรียมใบเสร็จ,AR103007.rpt,SQL,1176,DOCINFO
926,SQL21502003,ใบเตรียมใบเสร็จ (Letter),DOC21503.rpt,SQL,1359,DOCINFO
927,SQL21502001,ใบเตรียมใบเสร็จ,DOC21501.rpt,SQL,1340,DOCINFO
928,SQL21502002,ใบเตรียมใบเสร็จ-แบบเส้นตาราง,DOC21502.rpt,SQL,1359,DOCINFO
929,SQL00102003,รายงานรายละเอียดใบเตรียมใบเสร็จ,AR103006.rpt,SQL,1176,DOCINFO
931,FRM20102003,ใบเพิ่มหนี้ลูกหนี้ (Letter),DOC20103.rpt,FRM,0,
932,FRM20102001,ใบเพิ่มหนี้ลูกหนี้,DOC20101.rpt,FRM,0,
933,FRM20102002,ใบเพิ่มหนี้ลูกหนี้-แบบเส้นตาราง,DOC20102.rpt,FRM,0,
934,SQL20102002,รายงานรายละเอียดใบเพิ่มหนี้ลูกหนี้ ตามเอกสาร,AR201001.rpt,SQL,710,ARCONDITION ARFILE DEPTTAB DOCINFO DOCTYPE PRJTAB TRANPAYH VATTABLE
935,TFRM2010201,ใบเพิ่มหนี้ลูกหนี้ Text Mode,TDOC20101.txt,TFRM,0,
938,SQL00103009,รายงานสรุปใบเพิ่มหนี้ - ลูกหนี้,AR103002.rpt,SQL,664,DOCINFO
939,FRM20202006,ใบลดหนี้ลูกหนี้ (Letter),DOC20206.rpt,FRM,0,
940,FRM20202001,ใบลดหนี้ลูกหนี้,DOC20201.rpt,FRM,0,
941,FRM20202004,ใบลดหนี้ลูกหนี้-แบบเส้นตาราง,DOC20204.rpt,FRM,0,
942,FRM20202002,รายงานรายละเอียดใบลดหนี้ลูกหนี้ ตามเอกสาร,AR202001.rpt,FRM,0,
943,TFRM2020201,ใบลดหนี้ลูกหนี้ Text Mode,TDOC20201.txt,TFRM,0,
946,SQL00103011,รายงานสรุปใบลดหนี้ - ลูกหนี้,AR103003.rpt,SQL,752,DOCINFO
947,FRM20702003,ใบรับมัดจำ (Letter),DOC20703.rpt,FRM,0,
948,FRM20702001,ใบรับมัดจำ,DOC20701.rpt,FRM,0,
949,FRM20702002,ใบรับมัดจำ-แบบเส้นตาราง,DOC20702.rpt,FRM,0,
950,RP20702002,รายงานรายละเอียดการรับเงินมัดจำ ตามเอกสาร,FN207002.rpt,RP,0,
952,TFRM2070201,ใบรับมัดจำ Text Mode,TDOC20701.txt,TFRM,0,
955,SQL00103015,รายงานสรุปใบรับมัดจำ,AR103004.rpt,SQL,595,DOCINFO
956,RP52003001,รายงานใบรับมัดจำคงค้าง,AR519001.rpt,RP,0,
957,RP50202002,รายงานรายละเอียดยอดลูกหนี้ แบบละเอียด,AR502002.rpt,RP,0,
959,RP50102001,รายงานสรุปยอดลูกหนี้,AR501001.rpt,RP,0,
960,RP50202001,รายงานรายละเอียดยอดลูกหนี้ แบบย่อ,AR502001.rpt,RP,0,
961,RP50302001,รายงานรายละเอียดยอดลูกหนี้ครบกำหนดชำระ,AR503001.rpt,RP,0,
962,RP50902001,รายงานรายละเอียดลูกหนี้เกินวงเงินเครดิต,AR509001.rpt,RP,0,
964,RP51802001,รายงานการ์ดลูกหนี้ - ไม่รวมเงินมัดจำ,AR506001.rpt,RP,0,
966,RP51102001,รายงานสรุปการเคลื่อนไหวลูกหนี้ตามรหัสบัญชี,AR511001.rpt,RP,0,
967,RP50602001,รายงานการ์ดลูกหนี้,AR506002.rpt,RP,0,
968,RP50802001,รายงานสรุปเคลื่อนไหวยอดลูกหนี้,AR508001.rpt,RP,0,
969,RP501001004,รายงานลำดับยอดหนี้ใกล้จะสูญ,AR501004.rpt,RP,0,
970,RP50702003,รายงานรายละเอียดวิเคราะห์อายุหนี้-ลูกหนี้,AR507004.rpt,RP,0,
971,RP50702002,รายงานสรุปวิเคราะห์อายุหนี้-ลูกหนี้,AR507002.rpt,RP,0,
972,RP501001003,รายงานลำดับยอดลูกหนี้,AR501003.rpt,RP,0,
975,RP504020004,รายงานรายละเอียดประมาณยอดเงินรับ,AR504004.rpt,RP,0,
976,RP50402002,รายงานสรุปประมาณยอดเงินรับ,AR504002.rpt,RP,0,
977,SQL00202004,ฟอร์มใบสั่งซื้อ - ค่าใช้จ่ายย่อย,DOC20203.RPT,SQL,1838,DOCINFO
978,SQL00202006,ฟอร์มใบสั่งซื้อค่าใช้จ่ายย่อย - แบบเส้นตาราง,DOC20205.RPT,SQL,1838,DOCINFO
979,SQL00202003,รายงานรายละเอียดใบสั่งซื้อ - ค่าใช้จ่ายย่อย ตามเอกสาร,DOC20202.RPT,SQL,1380,DOCINFO
982,SQL00202018,รายงานสรุปใบสั่งซื้อ - ค่าใช้จ่ายย่อย ตามรหัสค่าใช้จ่ายย่อย,AP103007.rpt,SQL,1399,DOCINFO
983,SQL00202016,รายงานสรุปใบสั่งซื้อค่าใช้จ่ายย่อย,AP103004_1.rpt,SQL,534,DOCINFO
984,SQL5690006,รายงานการตัดเงินมัดจำ,AP569006.rpt,SQL,561,APCAT APDETAIL APFILE APPAYMENT DEPTTAB DOCINFO DOCTYPE TRANPAYH
985,FRM25602001,ใบจ่ายมัดจำ,DOC25601.rpt,FRM,0,
987,FRM25602002,รายงานรายละเอียดการจ่ายเงินมัดจำ,DOC25602.rpt,FRM,0,
988,TFRM2560201,ใบจ่ายมัดจำ Text Mode,TDOC25601.txt,TFRM,0,
990,SQL00202014,รายงานสรุปใบจ่ายมัดจำ,AP103004.rpt,SQL,619,DOCINFO
991,RP57003001,รายงานใบจ่ายมัดจำคงค้าง,AP569001.rpt,RP,0,
992,FRM25202001,ใบลดหนี้เจ้าหนี้,DOC25201.rpt,FRM,0,
993,TFRM2520201,ใบลดหนี้เจ้าหนี้ Text Mode,TDOC25201.txt,TFRM,0,
995,FRM25202002,รายงานรายละเอียดใบลดหนี้เจ้าหนี้ ตามเอกสาร,AP252001.rpt,FRM,0,
996,SQL00103012,รายงานสรุปใบลดหนี้ - เจ้าหนี้,AP103003.rpt,SQL,672,DOCINFO
997,RP57100001,รายงานสรุปยอดซื้อ ตามเจ้าหนี้,AP571001.rpt,RP,0,
998,FRM25702001,ใบคืนจ่ายมัดจำ,DOC25701.rpt,FRM,0,
999,TFRM2570201,ใบคืนจ่ายมัดจำ Text Mode,TDOC25701.txt,TFRM,0,
"1,000",FRM25702002,รายงานรายละเอียดการคืนจ่ายมัดจำ,DOC25702.rpt,FRM,0,
"1,002",SQL00103019,รายงานสรุปใบคืนจ่ายมัดจำ,AP103005.rpt,SQL,699,DOCINFO
"1,003",SQL00103008,ทะเบียนซ่อมแซมทรัพย์สินถาวร,FA030001.rpt,SQL,1126,APDETAIL APFILE BRANCH DEPTTAB FIXASSET FXREPAIR FXTYPE PRJTAB
"1,004",RP953001,ใบซ่อมแซมสินทรัพย์ถาวร,DOC95103.rpt,RP,0,
"1,005",SQL0250301,ใบตัดชำรุดสินทรัพย์ถาวร,DOC02501.RPT,SQL,1072,DOCINFO
"1,006",SQL00103006,รายงานรายละเอียดใบตัดชำรุดทรัพย์สินถาวร - ตามเอกสาร,FA001006.rpt,SQL,716,TRANPAYF
"1,007",SQL00103004-2,รายงานรายละเอียดใบซ่อมแซมทรัพย์สินถาวร - ตามเอกสาร,FA001013.rpt,SQL,882,TRANPAYF
"1,010",SQL0210304,รายงานสรุปใบซ่อมแซมทรัพย์สินถาวร,FA001012.rpt,SQL,794,DOCINFO
"1,011",SQL0210306,รายงานสรุปใบตัดชำรุดทรัพย์สินถาวร,FA001010.rpt,SQL,706,DOCINFO
"1,014",RP952001,ใบขายสินทรัพย์ถาวร,DOC95104.RPT,RP,0,
"1,015",RP952002,ใบขายสินทรัพย์ถาวร พร้อมรายละเอียดชำระ,DOC95102.RPT,RP,0,
"1,016",SQL00103005,รายงานรายละเอียดใบขายทรัพย์สินถาวร - ตามเอกสาร,FA001005.rpt,SQL,906,TRANPAYF
"1,019",SQL0210305,รายงานสรุปใบขายทรัพย์สินถาวร,FA001009.rpt,SQL,765,DOCINFO
"1,020",RP955001,รายงานค่าเสื่อมราคา,FA955001.rpt,RP,0,
"1,021",RP954002,รายงานสภาพทรัพย์สินที่จำหน่าย,FA954002.rpt,RP,0,
"1,022",RP954003,รายงานสภาพทรัพย์สินที่ตัดชำรุด,FA954003.rpt,RP,0,
"1,023",SQL03020001,รายงานชื่อสมุดเงินสดย่อย,SETCAS01.rpt,SQL,215,CASHACCOUNT
"1,024",RP955002,รายงาน ภงด.50 ทรัพย์สินถาวร,FA955002.RPT,RP,0,
"1,025",SQL04020002,รายงานขั้นตอนการปิดทุน,GL040001.rpt,SQL,250,CLOSINGENTRIESH
"1,026",SQL04010001,รายงานรายชื่อผู้ใช้งานในระบบ,USR040001.RPT,SQL,30,BPLUSCURRENTUSER
"1,027",SQL02030001,รายงานตรวจสอบ-รายชื่อลูกหนี้ที่ผูกบัญชีผิด,AR030001.rpt,SQL,113,ARFILE
"1,028",SQL02030002,รายงานตรวจสอบ-รายชื่อเจ้าหนี้ที่ผูกบัญชีผิด,AP030001.rpt,SQL,113,APFILE
"1,030",RP10420007,ฟอร์มใบแจ้งหนี้รับฝากขาย,GP104206.rpt,RP,0,
"1,031",RP10420004,รายงานรายละเอียดสินค้ารับฝากขาย - ตามสินค้า,GP104203.rpt,RP,0,
"1,032",RP10420005,รายงานสรุปสินค้ารับฝากขาย - ตามสินค้า,GP104204.rpt,RP,0,
"1,034",RP10420006,รายงานจัดลำดับสินค้ารับฝากขาย,GP104205.rpt,RP,0,
"1,035",RP10420003,รายงานสรุปสินค้ารับฝากขาย-ตามยี่ห้อและผู้จำหน่ายหลัก,GP104202.rpt,RP,0,
"1,036",RP10420002,รายงานรายละเอียดสินค้ารับฝากขาย-ตามยี่ห้อและผู้จำหน่ายหลัก,GP104201.rpt,RP,0,
"1,038",SQL01016003,รายงานตรวจสอบเอกสารที่ยังไม่ได้วางบิล,DI160003.RPT,SQL,1487,ARCAT ARFILE DOCINFO DOCTYPE
"1,039",RP5150001,รายงานตรวจสอบเอกสารการรับชำระหนี้ก่อนเอกสารตั้งหนี้,AR515001.rpt,RP,0,
"1,040",RP5650001,รายงานตรวจสอบเอกสารการจ่ายชำระหนี้ก่อนเอกสารตั้งหนี้,AP565001.rpt,RP,0,
"1,041",RP5160001,รายงานตรวจสอบเอกสารตั้งหนี้ลูกหนี้ไม่เท่ากับเอกสารการลงบัญชี,AR516001.rpt,RP,0,
"1,042",RP5660001,รายงานตรวจสอบเอกสารตั้งหนี้เจ้าหนี้ไม่เท่ากับเอกสารลงบัญชี,AP566001.rpt,RP,0,
"1,043",RP5170001,รายงานตรวจสอบเอกสารรับชำระหนี้ไม่เท่ากับเอกสารลงบัญชี,AR517001.rpt,RP,0,
"1,044",RP5670001,รายงานตรวจสอบเอกสารจ่ายชำระหนี้ไม่เท่ากับเอกสารลงบัญชี,AP567001.rpt,RP,0,
"1,047",SQL00101401,รายงานสถานะเอกสารที่วางบิล/ที่ยังไม่วางบิล,FN001014.rpt,SQL,844,ARDETAIL ARFILE DOCINFO DOCTYPE TRANPAYA TRANPAYH
"1,048",SQL09050002,รายงานรายชื่อบัญชีธนาคาร,SETBNK002.rpt,SQL,310,BANKACCOUNT
"1,049",SQL09050001,รายงานรายชื่อธนาคารและอักษรย่อ,SETBNK001.rpt,SQL,67,BANKFILE
"1,051",SQL03010006,รายงานเช็คเด้ง,BK030006.rpt,SQL,396,CHEQUEIN
"1,053",SQL03010008,รายงานรายละเอียดใบผ่านเช็คจ่าย,BK030008.rpt,SQL,242,CHEQUEBOOK
"1,054",SQL03010009,รายงานใบเปลี่ยนเช็คจ่าย,BK030009.rpt,SQL,315,CHEQUEBOOK
"1,055",SQL03010010,รายงานใบโอนบัญชีธนาคาร,BK030010.rpt,SQL,235,BANKSTATEMENT
"1,057",SQL03010007,รายงานรายละเอียดใบถอนเงินสด,BK030007.rpt,SQL,601,BANKACCOUNT BANKSTATEMENT CASHACCOUNT CASHBOOK DOCINFO DOCTYPE
"1,058",SQL03010014,รายงานสรุปใบถอนเงินสด,BK030013.rpt,SQL,781,BANKACCOUNT BANKSTATEMENT BRANCH TRANPAYH
"1,059",SQL03010017,รายงานสรุปใบผ่านเช็คจ่าย,BK030020.rpt,SQL,719,CHEQUEBOOK TRANPAYH
"1,060",SQL03010019,รายงานสรุปใบโอนเงินระหว่างธนาคาร,BK030015.rpt,SQL,654,DOCINFO
"1,063",FRMS35002002,ใบฝากเช็ค บัญชีออมทรัพย์ ธ.กรุงเทพ,DOC35002.rpt,FRMS,1004,DOCINFO
"1,064",FRMS35002001,ใบฝากเช็ครับ,DOC35001.rpt,FRMS,885,DOCINFO
"1,065",FRMS35002003,ใบฝากเช็ค บัญชีกระแสรายวัน ธ.กรุงเทพ,DOC35003.rpt,FRMS,1004,DOCINFO
"1,066",FRMS35002004,ใบฝากเช็ค บัญชีออมทรัพย์ ธ.กสิกรไทย,DOC35004.rpt,FRMS,1004,DOCINFO
"1,068",SQL03010002,รายงานรายละเอียดใบนำฝากเช็ครับ ตามเอกสาร,BK030002.rpt,SQL,332,CHEQUEIN
"1,069",SQL03010003,รายงานรายละเอียดใบผ่านเช็ครับ ตามเอกสาร,BK030003.rpt,SQL,516,BRANCH TRANPAYH
"1,070",SQL03010013,รายงานสรุปใบนำฝากเงินสด ตามเอกสาร,BK030013.rpt,SQL,781,BANKACCOUNT BANKSTATEMENT BRANCH TRANPAYH
"1,072",SQL03010001,รายงานใบฝากเงินสด,BK030001.rpt,SQL,322,DOCINFO
"1,073",SQL03010004,รายงานรายละเอียดใบคืนเช็ครับ ตามเอกสาร,BK030004.rpt,SQL,407,CHEQUEIN
"1,074",SQL03010005,รายงานรายละเอียดใบเปลี่ยนเช็ครับ ตามเอกสาร,BK030005.rpt,SQL,321,CHEQUEIN
"1,076",SQL03010015,รายงานสรุปใบผ่านเช็ครับ,BK030013.rpt,SQL,781,BANKACCOUNT BANKSTATEMENT BRANCH TRANPAYH
"1,077",SQL03010016,รายงานสรุปใบคืนเช็ครับ ตามเอกสาร,BK030021.rpt,SQL,853,DOCINFO
"1,078",SQL03010018,รายงานสรุปใบนำฝากเช็ค,BK030014.rpt,SQL,293,DOCINFO
"1,079",SQL03010020,รายงานสรุปใบเปลี่ยนเช็ครับ ตามเอกสาร,BK030016.rpt,SQL,331,DOCINFO
"1,082",FRMS35002005,ใบฝากเช็ค บัญชีกระแสรายวัน ธ.กสิกรไทย,DOC35005.rpt,FRMS,1004,DOCINFO
"1,083",SQL00001003,รายงานผลิตสินค้าตามโครงการ (แสดงทุนจริง),PJ000003.rpt,SQL,1077,SKUMOVE
"1,084",SQL00001001,รายงานการรับสินค้าจากการผลิตตามโครงการ,PJ000001.rpt,SQL,1173,DOCINFO
"1,085",SQLPJ001002,รายงานเบิก - คืนสินค้าตามโครงการ,PJ000002.rpt,SQLPJ,904,BRANCH BRAND DEPTTAB DOCINFO DOCTYPE ICCAT ICDEPT MKTPLAN PRJTAB PRMTPLAN SKUMASTER SKUMOVE TRANSTKH UOFQTY
"1,087",SQLPJ001004,รายงานเบิก - คืนสินค้า เฉพาะโครงการใช้งาน,PJ000004.rpt,SQLPJ,932,BRANCH BRAND DEPTTAB DOCINFO DOCTYPE ICCAT ICDEPT MKTPLAN PRJTAB PRMTPLAN SKUMASTER SKUMOVE TRANSTKH UOFQTY
"1,088",SQL00001003_1,รายงานผลิตสินค้า- เฉพาะโครงการใช้งาน-แสดงทุนจริง,PJ000003.rpt,SQL,1105,SKUMOVE
"1,090",SQL00001001_1,รายงานผลิตสินค้า- เฉพาะโครงการใช้งาน,PJ000001.rpt,SQL,1176,DOCINFO
"1,091",SQL0302001,รายงานรายละเอียดสมุดเงินสดย่อย,SETCAS02.rpt,SQL,508,CASHBOOK
"1,092",CAS0103002,รายงานสรุปสมุดเงินสด ตามรหัสบัญชี,CASH03001.rpt,CAS,474,CASHBOOK
"1,094",RP6120001,รายงานรายละเอียดการเคลื่อนไหวสมุดเงินสด,CAS612001.rpt,RP,0,
"1,097",RP6130001,รายงานสรุปเคลื่อนไหวสมุดเงินสด,CAS613001.rpt,RP,0,
"1,098",FRM1160101,ใบแสดงผลต่างการตรวจนับสินค้า,DOC11601.rpt,FRM,0,
"1,099",TFRM1160201,ใบแสดงผลต่างการตรวจนับสินค้า Text Mode,TDOC11601.txt,TFRM,0,
"1,101",RP17201009,รายงานผลต่างตรวจนับก่อนยืนยันยอด - ตามตำแหน่งเก็บ,IC172009.rpt,RP,0,
"1,102",RP17201001,รายงานผลต่างตรวจนับก่อนยืนยันยอด- ตามตำแหน่งเก็บ(Lot/Serial),IC172001.rpt,RP,0,
"1,104",RP17201002,รายงานผลต่างตรวจนับก่อนยืนยันยอด - ตามประเภท (Lot/Serial),IC172002.rpt,RP,0,
"1,105",RP17201010,รายงานผลต่างตรวจนับก่อนยืนยันยอด - ตามประเภท,IC172010.rpt,RP,0,
"1,106",RP17201003,รายงานผลต่างตรวจนับก่อนยันยันยอด - ตามหมวด (Lot/Serial),IC172003.rpt,RP,0,
"1,107",RP17201011,รายงานผลต่างตรวจนับก่อนยืนยันยอด - ตามหมวด,IC172011.rpt,RP,0,
"1,108",RP17201004,รายงานผลต่างตรวจนับก่อนยืนยันยอด - ตามยี่ห้อ (Lot/Serial),IC172004.rpt,RP,0,
"1,109",RP17201012,รายงานผลต่างตรวจนับก่อนยืนยันยอด - ตามยี่ห้อ,IC172012.rpt,RP,0,
"1,110",RP17201013,รายงานสินค้าไม่ได้ตรวจนับ(ก่อนยืนยันยอด),IC172013.rpt,RP,0,
"1,112",RP17301001,รายงานผลต่างตรวจนับหลังยืนยันยอด- ตามตำแหน่งเก็บ(Lot/Serial),IC173001.rpt,RP,0,
"1,113",RP17301005,รายงานผลต่างตรวจนับหลังยืนยันยอด - ตามตำแหน่งเก็บ,IC173005.rpt,RP,0,
"1,114",RP17301002,รายงานผลต่างตรวจนับหลังยืนยันยอด - ตามประเภท (Lot/Serial),IC173002.rpt,RP,0,
"1,115",RP17301006,รายงานผลต่างตรวจนับหลังยืนยันยอด - ตามประเภท,IC173006.rpt,RP,0,
"1,116",RP17301003,รายงานผลต่างตรวจนับหลังยืนยันยอด - ตามหมวด (Lot/Serial),IC173003.rpt,RP,0,
"1,117",RP17301007,รายงานผลต่างตรวจนับหลังยืนยันยอด - ตามหมวด,IC173007.rpt,RP,0,
"1,118",RP17301004,รายงานผลต่างตรวจนับหลังยืนยันยอด - ตามยี่ห้อ (Lot/Serial),IC173004.rpt,RP,0,
"1,119",RP17301008,รายงานผลต่างตรวจนับหลังยืนยันยอด - ตามยี่ห้อ,IC173008.rpt,RP,0,
"1,121",RP173010009,รายงานสินค้าไม่ได้ตรวจนับ(หลังยืนยันยอด),IC173009.rpt,RP,0,
"1,124",RP45403001,งบแสดงฐานะการเงิน,GL454001.rpt,RP,0,
"1,125",RP45503001,งบกำไรขาดทุน,GL455001.rpt,RP,0,
"1,126",RP45603001,งบประกอบต้นทุน,GL456001.rpt,RP,0,
"1,128",RP51903002,รายงานสรุปประมาณกำไร(ขาดทุน)จากอัตราแลกเปลี่ยน ตามสกุลเงิน,AR519002.rpt,RP,0,
"1,129",RP51903003,รายงานสรุปประมาณกำไร(ขาดทุน)จากอัตราแลกเปลี่ยน ตามลูกหนี้,AR519003.rpt,RP,0,
"1,130",RP51903004,รายงานสรุปประมาณกำไร(ขาดทุน)จากอัตราแลกเปลี่ยน ตามเอกสาร,AR519004.rpt,RP,0,
"1,131",RP56903002,รายงานสรุปประมาณกำไร(ขาดทุน) จากอัตราแลกเปลี่ยน ตามสกุลเงิน,AP569002.rpt,RP,0,
"1,132",RP56903003,รายงานสรุปประมาณกำไร(ขาดทุน) จากอัตราแลกเปลี่ยน ตามเจ้าหนี้,AP569003.rpt,RP,0,
"1,133",RP56903004,รายงานสรุปประมาณกำไร(ขาดทุน) จากอัตราแลกเปลี่ยน ตามเอกสาร,AP569004.rpt,RP,0,
"1,134",POS04008001,รายงานเครื่องบันทึกเงินสดที่ไม่นำส่งยอดขาย,POS04001.rpt,POS,0,
"1,135",SQL00002102,รายงานรายละเอียดค่าใช้จ่ายย่อย,FN000102.rpt,SQL,1162,BRANCH DEPTTAB DOCINFO DOCTYPE POSPAIDOUT PRJTAB TRANPAYH TRANPAYO VATTABLE
"1,137",SQL00002104,รายงานสรุปค่าใช้จ่ายย่อย,FN000104.rpt,SQL,939,DOCINFO
"1,138",SQL00002103,รายงานสรุปรายได้ย่อย ตามรหัสรายได้ย่อย,FN000103.rpt,SQL,854,DOCINFO
"1,139",SQL00002101,รายงานรายละเอียดรายได้ย่อย ตามเอกสาร,FN000101.rpt,SQL,871,BRANCH DEPTTAB DOCINFO DOCTYPE POSPAIDIN PRJTAB TRANPAYH TRANPAYI
"1,140",SQL00002103.,รายงานสรุปรายได้ย่อย ตามเอกสาร,FN000108.rpt,SQL,893,DOCINFO
"1,143",SQL00002105,รายงานเปรียบเทียบค่าใช้จ่าย 12 เดือน,FN000105.rpt,SQL,825,DOCINFO
"1,144",SQL00002107,รายงานเปรียบเทียบค่าใช้จ่าย 6 เดือน,FN000107.rpt,SQL,825,DOCINFO
"1,145",SQL00002106,รายงานเปรียบเทียบค่าใช้จ่าย ไตรมาส,FN000106.rpt,SQL,825,DOCINFO
"1,148",SQL02105201,รายงานชื่อตารางราคาขาย,SP021201.rpt,SQL,91,ARPRICETAB
"1,149",SQL14005001,รายงานเปรียบเทียบราคาขายกับราคาทุน,IC140001.rpt,SQL,1145,ARPLU ARPRICETAB BRAND GOODSMASTER ICCAT ICCOLOR ICDEPT ICGL ICPRT ICSIZE SKUMASTER UOFQTY WAREHOUSE WARELOCATION
"1,150",RP15403001,รายงานสรุปการลงบัญชี ตามรหัสบัญชี,GL154001.RPT,RP,0,
"1,151",SQL0104001,รายงานสรุปใบปรับปรุงบัญชี,GL040002.rpt,SQL,610,DOCINFO
"1,153",FRM1210105,ใบขายสด (Letter),DOC12105.RPT,FRM,0,
"1,154",FRM1210101,ใบขายสด,DOC12101.rpt,FRM,0,
"1,155",FRM1210102,ใบขายสด พร้อมรหัสสินค้า,DOC12102.rpt,FRM,0,
"1,156",FRM1210103,ใบขายสด แบบเส้นตาราง,DOC12103.rpt,FRM,0,
"1,157",FRM1210104,ใบขายสด แบบเส้นตาราง พร้อมรหัสสินค้า,DOC12104.rpt,FRM,0,
"1,158",SQL11001002-4,รายงานสรุปใบขายสด ตามสินค้า,IC110038_04.rpt,SQL,2964,DOCINFO
"1,159",TFRM1210102,ใบขายสด พร้อมรหัส Text Mode,TDOC12102.txt,TFRM,0,
"1,160",SQL110012011,รายงานสรุปใบขายสด ตามเอกสาร,IC110210.rpt,SQL,1257,ARCAT ARCONDITION ARDETAIL ARFILE BRANCH DEPTTAB DOCINFO DOCTYPE MKTPLAN PRJTAB PRMTPLAN SALESMAN SHIPBY SLDETAIL TRANSTKD TRANSTKH VATTABLE
"1,161",SQL11001002-2,รายงานรายละเอียดใบขายสด ตามเอกสาร,IC110039.rpt,SQL,2146,DOCINFO
"1,162",SQL11001002-3,รายงานรายละเอียดใบขายสด ตามสินค้า,IC110007_1.rpt,SQL,2979,DOCINFO
"1,163",SQL110012011-1,รายงานสรุปสินค้าใบขายสด ตามลูกหนี้,IC110046_02.rpt,SQL,2964,DOCINFO
"1,164",SQL11001201-2,รายงานสรุปใบขายสด ตามโครงการ,IC110047_02.rpt,SQL,2964,DOCINFO
"1,165",TFRM1210101,ใบขายสด Text Mode,TDOC12101.txt,TFRM,0,
"1,171",SQL11001001_1,รายงานใบขายสด ตัดสต็อกตามรายการ,IC110045-3.rpt,SQL,3069,SKUMASTER
"1,172",FRM1060105,ใบขายสินค้า (Letter),DOC10605.RPT,FRM,0,
"1,173",FRM1060103,ใบขายสินค้า แบบเส้นตาราง,DOC10603.RPT,FRM,0,
"1,174",FRM1060104,ใบขายสินค้า แบบเส้นตาราง พร้อมรหัสสินค้า,DOC10604.RPT,FRM,0,
"1,175",FRM1060102,ใบขายสินค้า พร้อมรหัสสินค้า,DOC10602.RPT,FRM,0,
"1,176",FRM1060101,ใบขายสินค้า,DOC10601.RPT,FRM,0,
"1,177",SQL11001002_4,รายงานสรุปใบขายเชื่อ ตามสินค้า,IC110038.rpt,SQL,2964,DOCINFO
"1,178",SQL11001201_2,รายงานสรุปสินค้าใบขายเชื่อ ตามลูกหนี้,IC110046_03.rpt,SQL,2964,DOCINFO
"1,179",SQL11001201_1,รายงานสรุปเอกสารใบขายเชื่อ ตามโครงการ,IC110047_03.rpt,SQL,2964,DOCINFO
"1,180",SQL110012012,รายงานสรุปใบขายเชื่อ ตามเอกสาร,IC110211.rpt,SQL,1257,ARCAT ARCONDITION ARDETAIL ARFILE BRANCH DEPTTAB DOCINFO DOCTYPE MKTPLAN PRJTAB PRMTPLAN SALESMAN SHIPBY SLDETAIL TRANSTKD TRANSTKH VATTABLE
"1,181",TFRM1060101,ใบขายสินค้า Text Mode,TDOC10601.txt,TFRM,0,
"1,182",SQL11001002-1,รายงานรายละเอียดยอดขายสินค้า ตามเอกสาร,IC110002.rpt,SQL,2743,DOCINFO
"1,183",SQL11001002_3,รายงานรายละเอียดใบขายเชื่อ ตามสินค้า,IC110007_2.rpt,SQL,2979,DOCINFO
"1,189",SQL11001002_2,รายงานใบขายสินค้า ตัดสต็อกตามรายการ,IC110045-2.rpt,SQL,3069,SKUMASTER
"1,190",FRM1070105,ใบรับคืนสินค้า (Letter),DOC10705.RPT,FRM,0,
"1,191",FRM1070101,ใบรับคืนสินค้า,DOC10701.RPT,FRM,0,
"1,192",FRM1070103,ใบรับคืนสินค้า แบบเส้นตาราง,DOC10703.RPT,FRM,0,
"1,193",FRM1070104,ใบรับคืนสินค้า แบบเส้นตาราง พร้อมรหัสสินค้า,DOC10704.RPT,FRM,0,
"1,194",FRM1070102,ใบรับคืนสินค้า พร้อมรหัสสินค้า,DOC10702.RPT,FRM,0,
"1,195",SQL128010004,ใบรับคืนสินค้าเงินสด แบบเส้นตาราง พร้อมรหัสสินค้า,DOC12804.RPT,SQL,4568,BANKACCOUNT DOCINFO
"1,196",SQL128010002,ใบรับคืนสินค้าเงินสด พร้อมรหัสสินค้า,DOC12802.RPT,SQL,4568,BANKACCOUNT DOCINFO
"1,197",SQL128010003,ใบรับคืนสินค้าเงินสด แบบเส้นตาราง,DOC12803.RPT,SQL,4568,BANKACCOUNT DOCINFO
"1,198",SQL11001003_2,รายงานรายละเอียดใบรับคืนสินค้า ตามสินค้า,IC110007_3.rpt,SQL,3011,DOCINFO
"1,199",SQL11001003_4,รายงานสรุปใบรับคืนสินค้า ตามสินค้า,IC110038_03.rpt,SQL,2995,DOCINFO
"1,200",SQL128010001,ใบรับคืนสินค้าเงินสด,DOC12801.RPT,SQL,4568,BANKACCOUNT DOCINFO
"1,201",TFRM1070102,ใบรับคืนสินค้าจากการขาย Text Mode พร้อมรหัส,TDOC10702.txt,TFRM,0,
"1,202",SQL11001201_3,รายงานสรุปสินค้ารับคืน ตามลูกหนี้,IC110046.rpt,SQL,2996,DOCINFO
"1,203",SQL11001201_4,รายงานสรุปใบรับคืนสินค้า ตามโครงการ,IC110047.rpt,SQL,2996,DOCINFO
"1,211",SQL110012013,รายงานสรุปใบรับคืนสินค้า ตามเอกสาร,IC110211_02.rpt,SQL,2854,DOCINFO
"1,212",SQL11001003,รายงานรายละเอียดใบรับคืนสินค้า ตามเอกสาร,IC110003.rpt,SQL,2808,DOCINFO
"1,213",SQL11001004,รายงานใบรับคืนสินค้า ตัดสต็อกตามรายการ,IC110045.rpt,SQL,3096,SKUMASTER
"1,214",TSQL12801002,ใบรับคืนสินค้าเงินสด Text Mode พร้อมรหัสสินค้า,TDOC12802.txt,TSQL,4425,ADDRBOOK ARCAT ARCONDITION ARDETAIL ARFILE BANKACCOUNT BANKFILE BRANCH DEPTTAB DOCINFO DOCTYPE GOODSMASTER MKTPLAN PAYMENTTYPE PRJTAB PRMTPLAN SALESMAN SHIPBY SKUMASTER SLDETAIL TRANPAYD TRANPAYH TRANSTKD TRANSTKH VATTABLE WAREHOUSE WARELOCATION
"1,215",SQL128010005,ใบรับคืนสินค้าเงินสด (Letter),DOC12805.RPT,SQL,4589,BANKACCOUNT DOCINFO
"1,216",RP8510400001,รายงานแสดงการกำหนดสิทธิ์ตามตำแหน่งหน้าที่,DI851001.RPT,RP,0,
"1,217",RP8520400001,รายงานแสดงการกำหนดสิทธิ์ตามข้อมูลรับผิดชอบ,DI852001.RPT,RP,0,
"1,218",RP8530400001,รายงานแสดงการกำหนดสิทธิ์การอ่านรายงาน,DI853001.RPT,RP,0,
"1,219",RP8540400001,รายงานแสดงการกำหนดสิทธิ์การบันทึกเอกสาร,DI854001.RPT,RP,0,
"1,220",RP302003001,หนังสือรับรอง หัก ณ ที่จ่าย,DOC30201.rpt,RP,0,
"1,221",SQL003001,รายงานเอกสารขาย-สภาพเอกสารไม่ครบถ้วน,CK001001.rpt,SQL,1174,ARDETAIL DOCTYPE TRANSTKH
"1,222",SQL0210302,ใบสั่งซื้อสินทรัพย์ถาวร,DOC02102.rpt,SQL,2651,DOCINFO
"1,223",SQL0210301,ใบสั่งซื้อสินทรัพย์ถาวร พร้อมรหัสทรัพย์สิน,DOC02101.rpt,SQL,2651,DOCINFO
"1,224",SQL00103003,รายงานรายละเอียดใบสั่งซื้อทรัพย์สินถาวร - ตามเอกสาร,FA001003.rpt,SQL,821,TRANPAYF
"1,226",SQL02103004,รายงานสรุปใบสั่งซื้อทรัพย์สินถาวร,FA001014.rpt,SQL,800,TRANPAYF
"1,227",RP95103001,ใบซื้อสินทรัพย์ถาวร,DOC95101.RPT,RP,0,
"1,228",SQL00103004-1,รายงานรายละเอียดใบซื้อทรัพย์สินถาวร - ตามเอกสาร,FA001004.rpt,SQL,853,TRANPAYF
"1,230",SQL0210303,รายงานสรุปใบซื้อทรัพย์สินถาวร,FA001011.rpt,SQL,765,DOCINFO
"1,231",RP1210101,รายงานใบจัดสินค้า-ตามบิลขายสด,IC121001.rpt,RP,0,
"1,232",RP1060101,รายงานใบจัดสินค้า-ตามบิลขาย(ขายเชื่อ),IC106001.rpt,RP,0,
"1,233",RP10050101,รายงานใบจัดสินค้า-ตามใบจอง,IC105006.rpt,RP,0,
"1,235",RP16304008,รายงานการโอนย้ายสินค้า ตามเอกสาร,RP163008.rpt,RP,0,
"1,236",XX0213,รายงานสมุดรายวันคืนเบิก,WL020107.rpt,XX,1172,DOCINFO
"1,237",XX0209,รายงานสมุดรายวันเบิกวัตถุดิบใช้ไป,WL020109.rpt,XX,1157,DOCINFO
"1,238",XX0210,รายงานสมุดรายวันรับจากการผลิต,WL020110.rpt,XX,1155,DOCINFO
"1,239",XX0212,รายงานสมุดรายวันผลผลิตที่ได้,WL020112.rpt,XX,1156,DOCINFO
"1,240",XX0203,รายงานสมุดรายวันซื้อ,WL020103.rpt,XX,1313,DOCINFO
"1,241",XX0205,รายงานสมุดรายวันรับคืน,WL020105.rpt,XX,1257,DOCINFO
"1,242",XX0206,รายงานสมุดรายวันส่งคืน,WL020106.rpt,XX,1299,DOCINFO
"1,247",XX0207,รายงานสมุดรายวันเบิกใช้,WL020107.rpt,XX,1218,DOCINFO
"1,248",XX0208,รายงานสมุดรายวันชำรุด,WL020108.rpt,XX,1145,DOCINFO
"1,249",XX0204,รายงานสมุดรายวันขาย,WL020104.rpt,XX,1258,DOCINFO
"1,251",RP16304009,รายงานรายละเอียดการย้ายสินค้าออก ตามสินค้า,RP163009.rpt,RP,0,
"1,252",RP16304006,รายงานรายละเอียดรับย้าย ตามสินค้า,RP163006.rpt,RP,0,
"1,253",XX0403,รายงานรายละเอียดยอดซื้อสินค้า,WL030103.rpt,XX,1439,DOCINFO
"1,254",XX0404,รายงานรายละเอียดยอดขายสินค้า,WL030104.rpt,XX,1297,DOCINFO
"1,255",XX0406,รายงานรายละเอียดยอดส่งคืนสินค้า,WL030106.rpt,XX,1432,DOCINFO
"1,256",XX0405,รายงานรายละเอียดยอดรับคืนสินค้า,WL030105.rpt,XX,1328,DOCINFO
"1,257",XX0413,รายงานรายละเอียดยอดคืนเบิก,WL030107.rpt,XX,1269,DOCINFO
"1,261",XX0407,รายงานรายละเอียดยอดเบิกใช้สินค้า,WL030107.rpt,XX,1271,DOCINFO
"1,262",XX0408,รายงานรายละเอียดการตัดชำรุดสินค้า,WL030108.rpt,XX,1246,DOCINFO
"1,263",XX0409,รายงานรายละเอียดวัตถุดิบ (ใบแปรรูป),WL030109.rpt,XX,1267,DOCINFO
"1,264",XX0410,รายงานรายละเอียดรับจากการผลิต,WL030110.rpt,XX,1265,DOCINFO
"1,265",XX0412,รายงานรายละเอียดผลผลิต (ใบแปรรูป),WL030112.rpt,XX,1266,DOCINFO
"1,268",XX0309,รายงานสรุป - วัตถุดิบของใบแปรรูป,WL010209.rpt,XX,1196,DOCINFO
"1,269",XX0308,รายงานสรุป - ตัดชำรุดสินค้า,WL010208.rpt,XX,1184,DOCINFO
"1,270",XX0310,รายงานสรุป - รับจากการผลิต,WL010210.rpt,XX,1194,DOCINFO
"1,271",XX0312,รายงานสรุป - ผลผลิตของใบแปรรูป,WL010212.rpt,XX,1195,DOCINFO
"1,272",XX0303,รายงานสรุป - ซื้อสินค้า,WL010203.rpt,XX,1353,DOCINFO
"1,273",XX0305,รายงานสรุป - รับคืนสินค้า,WL010205.rpt,XX,1272,DOCINFO
"1,274",XX0306,รายงานสรุป - ส่งคืนสินค้า,WL010206.rpt,XX,1338,DOCINFO
"1,275",XX0307,รายงานสรุป - เบิกใช้สินค้า,WL010207.rpt,XX,1195,DOCINFO
"1,279",XX0313,รายงานสรุป - คืนเบิกสินค้า,WL010207.rpt,XX,1192,DOCINFO
"1,281",XX0304,รายงานสรุป - ขายสินค้า,WL010204.rpt,XX,1287,DOCINFO
"1,282",SQL01016001,รายงานตรวจสอบวันที่ใบปรับต้นทุนไม่ตรงกับวันที่ใบรับจากซื้อ,DI160001.rpt,SQL,246,TRANSTKD
"1,283",SQL11001001-1,รายงานการอนุมัติวงเงินเครดิต,CR110001.RPT,SQL,432,TRAPPROVE
"1,284",SQL030100001,รายงานตรวจสอบ ต้นทุนใบรับคืนเป็นศูนย์,DI030001.rpt,SQL,483,TRANSTKD
"1,287",RP50402004,รายงานใบวางบิลค้างชำระ,FN504001.rpt,RP,0,
"1,288",RP50402005,รายงานสรุปใบวางบิลค้างชำระ,FN504002.rpt,RP,0,
"1,289",SQL01040002,รายงานตรวจสอบรหัสสินค้ากับการตั้งค่าลงบัญชีผิดประเภท,GL010401.rpt,SQL,379,SKUMASTER
"1,290",SQL01040003,รายงานภาษีเงินได้นิติบุคคลถูกหัก ณ ที่จ่าย,WHT53002.rpt,SQL,722,WHTTABLE
"1,293",RP17501001,รายงานสินค้าค้างส่งแสดงลูกค้าและโครงการ,IC175001.rpt,RP,0,
"1,294",RP17501002,รายงานสินค้าค้างส่งแสดงลูกค้าและแผนก,IC175002.rpt,RP,0,
"1,295",RP17501004,รายงานค้างส่งตามลูกค้าแสดงโครงการและสินค้า,IC175004.rpt,RP,0,
"1,296",RP17501005,รายงานค้างส่งตามลูกค้าแสดงแผนกและสินค้า,IC175005.rpt,RP,0,
"1,297",RP17501007,รายงานค้างส่งตามโครงการแสดงลูกหนี้และสินค้า,IC175007.rpt,RP,0,
"1,298",RP17501008,รายงานค้างส่งตามแผนกแสดงลูกหนี้และสินค้า,IC175008.rpt,RP,0,
"1,299",RP17501003,รายงานสินค้าค้างส่งแสดงลูกค้าและพนักงานขาย,IC175003.rpt,RP,0,
"1,300",RP17501006,รายงานค้างส่งตามลูกค้าแสดงพนักงานขายและสินค้า,IC175006.rpt,RP,0,
"1,301",RP17501009,รายงานค้างส่งตามพนักงานขายแสดงลูกหนี้และสินค้า,IC175009.rpt,RP,0,
"1,302",RP01008017,รายงานสรุปยอดขาย ตามประเภทภาษี,POS01035.rpt,RP,0,
"1,303",RP01008018,รายงานรายละเอียดการขายสินค้า ตามประเภทภาษี,POS01036.rpt,RP,0,
"1,304",POS03408001,รายงานรายละเอียดการจ่ายค่าสาธารณูปโภค,POS03401.rpt,POS,0,
"1,305",POS03408002,รายงานการจ่ายค่าสาธารณูปโภค,POS03402.rpt,POS,0,
"1,306",POS0332101,รายงานนำส่งเงินตามสาขาและแคชเชียร์,POS03321.rpt,POS,0,
"1,307",POS0330111,รายงานนำส่งเงินตามแคชเชียร์,POS03311.rpt,POS,0,
"1,308",POS0330121,ใบนำส่งเงิน,POS33001.rpt,POS,0,
"1,309",POS3331001,รายงานสรุปนำส่งเงินแต่ละวัน,POS33311.rpt,POS,0,
"1,310",POS3332001,รายงานยอดนำส่งเงินแต่ละแคชเชียร์,POS33321.rpt,POS,0,
"1,311",POS3333001,รายงานยอดนำส่งเงินแต่ละสาขา,POS33331.rpt,POS,0,
"1,312",SQL00103002,รายงานสรุปยอดลูกหนี้ยกมา,AR103001.rpt,SQL,432,DOCINFO
"1,313",SQL00103004,รายงานสรุปยอดเจ้าหนี้ยกมา,AP103001.rpt,SQL,459,DOCINFO
"1,315",SQL00103017,รายงานสรุปใบรับชำระลูกหนี้ยกมา,AR103004.rpt,SQL,534,DOCINFO
"1,316",SQL00103020,รายงานสรุปใบรับชำระเจ้าหนี้ยกมา,AP103004.rpt,SQL,618,DOCINFO
"1,317",SQL03010022,รายงานสรุปเช็ครับยกมา,CQ030001.rpt,SQL,315,DOCINFO
"1,318",SQL03010023,รายงานสรุปเช็คจ่ายยกมา,CQ030002.rpt,SQL,295,DOCINFO
"1,321",POS03308002,รายงานสรุปการนำส่งเงิน,POS03302.rpt,POS,0,
"1,322",SQL12000012_01,รายงานสรุปเบิกใช้ ตามสินค้า.,IC120064.rpt,SQL,1175,SKUMOVE
"1,323",SQL12000024_01,รายงานสรุปเบิกใช้สินค้า ตามประเภท.,IC120065.rpt,SQL,1199,SKUMOVE
"1,324",SQL12000025_01,รายงานสรุปใบเบิกใช้สินค้า ตามหมวด(หลังปิดต้นทุน),IC120066.rpt,SQL,1205,SKUMOVE
"1,325",SQL12001026_01,รายงานสรุปเบิกใช้สินค้า ตามยี่ห้อ.,IC120067.rpt,SQL,1207,SKUMOVE
"1,326",SQL12000028_01,รายงานสรุปใบเบิกใช้สินค้า ตามแผนก (หลังปิดต้นทุน),IC120068.rpt,SQL,1201,SKUMOVE
"1,327",SQL12000027_01,รายงานสรุปใบเบิกใช้สินค้า ตามโครงการ (หลังปิดต้นทุน),IC120069.rpt,SQL,1195,SKUMOVE
"1,330",SQL12000012_02,รายงานสรุปคืนเบิก ตามสินค้า.,IC120064.rpt,SQL,1175,SKUMOVE
"1,331",SQL12000024_02,รายงานสรุปใบคืนเบิกสินค้า ตามประเภท.,IC120065.rpt,SQL,1199,SKUMOVE
"1,332",SQL12000025_02,รายงานสรุปใบคืนเบิกสินค้า ตามหมวด (หลังปิดต้นทุน),IC120066_1.rpt,SQL,1205,SKUMOVE
"1,333",SQL12001026_02,รายงานสรุปคืนเบิกใช้สินค้า ตามยี่ห้อ.,IC120067.rpt,SQL,1207,SKUMOVE
"1,334",SQL12001027_02,รายงานสรุปคืนเบิกใช้สินค้า ตามโครงการ(หลังปิดต้นทุน),IC120069_1.rpt,SQL,1195,SKUMOVE
"1,335",SQL12000028_02,รายงานสรุปใบคืนเบิกสินค้า ตามแผนก (หลังปิดต้นทุน),IC120068_1.rpt,SQL,1201,SKUMOVE
"1,338",SQL12001009_01,รายงานรายละเอียดเบิกใช้สินค้า ตามยี่ห้อ.,IC120073.rpt,SQL,1440,DOCINFO
"1,339",SQL12001010_01,รายงานรายละเอียดเบิกใช้สินค้า ตามโครงการ.,IC120074.rpt,SQL,1442,DOCINFO
"1,340",SQL12001003_01,รายงานรายละเอียดเบิกใช้สินค้า ตามสินค้า.,IC120070.rpt,SQL,1408,DOCINFO
"1,341",SQL12001005_01,รายงานรายละเอียดเบิกใช้สินค้า ตามประเภท.,IC120071.rpt,SQL,1444,DOCINFO
"1,342",SQL12001006_01,รายงานรายละเอียดเบิกใช้สินค้า ตามหมวด.,IC120072.rpt,SQL,1455,DOCINFO
"1,343",SQL12001011_01,รายงานรายละเอียดเบิกใช้สินค้า ตามแผนก.,IC120075.rpt,SQL,1408,DOCINFO
"1,346",SQL12001003_02,รายงานรายละเอียดคืนเบิกใช้สินค้า ตามสินค้า.,IC120070.rpt,SQL,1408,DOCINFO
"1,347",SQL12001005_02,รายงานรายละเอียดคืนเบิกใช้สินค้า ตามประเภท.,IC120071.rpt,SQL,1444,DOCINFO
"1,348",SQL12001006_02,รายงานรายละเอียดคืนเบิกใช้สินค้า ตามหมวด(หลังปิดต้นทุน),IC120072_1.rpt,SQL,1796,DOCINFO
"1,349",SQL12001009_02,รายงานรายละเอียดคืนเบิกใช้สินค้า ตามยี่ห้อ.,IC120073.rpt,SQL,1440,DOCINFO
"1,350",SQL12001010_02,รายงานรายละเอียดคืนเบิกใช้สินค้า ตามโครงการ(หลังปิดต้นทุน),IC120074_1.rpt,SQL,1763,DOCINFO
"1,351",SQL12001011_02,รายงานรายละเอียดคืนเบิกใช้สินค้า ตามแผนก(หลังปิดต้นทุน),IC120075_1.rpt,SQL,1725,DOCINFO
"1,354",SQL020100021,รายงานตรวจสอบทศนิยมเกิน 2 ตำแหน่ง- งานประจำวันซื้อขาย,DI020006.rpt,SQL,575,TRANSTKD
"1,355",RP15503001,รายงานตรวจสอบความถูกต้องเอกสารลงบัญชี,RP155.rpt,RP,0,
"1,358",SQL01040001,รายงานตรวจสอบประเภทการลงบัญชี ไม่ถูกต้อง (Perpeptual),DI040001.rpt,SQL,260,ICGL
"1,359",SQL01040001.2,รายงานตรวจสอบประเภทการลงบัญชี ไม่ถูกต้อง (Periodic),DI040001.rpt,SQL,202,ICGL
"1,361",SQL020100018,รายงานตรวจสอบยอดลงบัญชีงานขายกับยอดตั้งลูกหนี้,DI020003.rpt,SQL,464,DOCINFO
"1,362",SQL020100019,รายงานตรวจสอบใบรับชำระลงบัญชีไม่ตรงกับรหัสบัญชีในแฟ้มลูกหนี้,DI020004.rpt,SQL,440,DOCINFO
"1,363",RP814001,รายงานตรวจสอบยอดบัญชีแยกประเภทกับระบบย่อย (RP814),RP814.rpt,RP,0,
"1,364",RP461001,รายงานแสดงข้อมูลที่ต้องปรับปรุงและแก้ไข (RP461),RP461.rpt,RP,0,
"1,366",SQL0020200029,รายงานรายละเอียดสินค้าแคมเปญเลือกซื้อมูลค่าครบแสดงของแถม,CPN02017_1.rpt,SQL,1355,ARCAMPAIGN
"1,367",SQL002020021,รายงานรายละเอียดสินค้าในแคมเปญเลือกซื้อมูลค่าครบรับส่วนลด,CPN02021.rpt,SQL,722,ARCAMPAIGN
"1,368",SQL002020022,รายงานรายละเอียดสินค้าแคมเปญเลือกซื้อมูลค่าครบแสดงข้อความ,CPN02022.rpt,SQL,835,ARCAMPAIGN
"1,369",SQL002020017,รายงานรายละเอียดสินค้าแคมเปญเลือกซื้อมูลค่าครบได้ของแถม,CPN02017.rpt,SQL,1351,ARCAMPAIGN
"1,370",SQL002020018,รายงานรายละเอียดสินค้าในแคมเปญเลือกซื้อมูลค่าครบเลือกของแถม,CPN02018.rpt,SQL,1355,ARCAMPAIGN
"1,371",SQL002020019,รายงานรายละเอียดสินค้าในแคมเปญเลือกซื้อมูลค่าครบได้แลกซื้อ,CPN02019.rpt,SQL,1405,ARCAMPAIGN
"1,372",SQL002020020,รายงานรายละเอียดสินค้าในแคมเปญเลือกซื้อมูลค่าครบเลือกแลกซื้อ,CPN02020.rpt,SQL,1409,ARCAMPAIGN
"1,373",SQL002020002,รายงานรายละเอียดสินค้าในแคมเปญซื้อจำนวนครบได้ของแถม,CPN02002.rpt,SQL,1351,ARCAMPAIGN
"1,374",SQL002020005,รายงานรายละเอียดสินค้าในแคมเปญซื้อจำนวนครบเลือกแลกซื้อ,CPN02005.rpt,SQL,1399,ARCAMPAIGN
"1,375",SQL002020006,รายงานรายละเอียดสินค้าแคมเปญซื้อจำนวนครบได้ราคา-ส่วนลดพิเศษ,CPN02006.rpt,SQL,683,ARCAMPAIGN ARCBUY GOODSMASTER SKUMASTER UOFQTY
"1,376",SQL002020007,รายงานรายละเอียดสินค้าแคมเปญซื้อจำนวนครบแสดงข้อความ,CPN02007.rpt,SQL,755,ARCAMPAIGN ARCBUY ARCCOMMENT GOODSMASTER SKUMASTER UOFQTY
"1,377",SQL002020003,รายงานรายละเอียดสินค้าในแคมเปญซื้อจำนวนครบเลือกของแถม,CPN02003.rpt,SQL,1355,ARCAMPAIGN
"1,378",SQL002020004,รายงานรายละเอียดสินค้าในแคมเปญซื้อจำนวนครบได้แลกซื้อ,CPN02004.rpt,SQL,1395,ARCAMPAIGN
"1,379",SQL0020200027,รายงานรายละเอียดสินค้าในแคมเปญซื้อจำนวนครบแสดงของแถม,CPN02002_1.rpt,SQL,1355,ARCAMPAIGN
"1,380",SQL002020023,รายงานรายละเอียดสินค้าแคมเปญซื้อคละราคาเดียวตามจำนวน,CPN02023.rpt,SQL,744,ARCAMPAIGN
"1,381",SQL002020024,รายงานรายละเอียดสินค้าแคมเปญซื้อคละราคาเดียวส่วนลดตามจำนวน,CPN02024.rpt,SQL,744,ARCAMPAIGN
"1,382",SQL002020025,รายงานรายละเอียดสินค้าแคมเปญซื้อคละราคาเดียวแถมตามจำนวน,CPN02024.rpt,SQL,744,ARCAMPAIGN
"1,383",SQL002020026,รายงานรายละเอียดสินค้าแคมเปญซื้อคละราคาขายส่งต่ำสุด,CPN02024.rpt,SQL,744,ARCAMPAIGN
"1,384",SQL0020200028,รายงานรายละเอียดสินค้าในแคมเปญเลือกซื้อจำนวนครบแสดงของแถม,CPN02008_1.rpt,SQL,1355,ARCAMPAIGN
"1,385",SQL002020008,รายงานรายละเอียดสินค้าในแคมเปญเลือกซื้อจำนวนครบได้ของแถม,CPN02008.rpt,SQL,1355,ARCAMPAIGN
"1,386",SQL002020009,รายงานรายละเอียดสินค้าในแคมเปญเลือกซื้อจำนวนครบเลือกของแถม,CPN02009.rpt,SQL,1355,ARCAMPAIGN
"1,387",SQL002020010,รายงานรายละเอียดสินค้าในแคมเปญเลือกซื้อจำนวนครบได้แลกซื้อ,CPN02010.rpt,SQL,1409,ARCAMPAIGN
"1,388",SQL002020011,รายงานรายละเอียดสินค้าในแคมเปญเลือกซื้อจำนวนครบเลือกแลกซื้อ,CPN02011.rpt,SQL,1409,ARCAMPAIGN
"1,389",SQL002020012,รายงานรายละเอียดสินค้าในแคมเปญเลือกซื้อจำนวนครบรับส่วนลด,CPN02012.rpt,SQL,722,ARCAMPAIGN
"1,390",SQL002020013,รายงานรายละเอียดสินค้าในแคมเปญเลือกซื้อจำนวนครบราคาลดเหลือ,CPN02013.rpt,SQL,745,ARCAMPAIGN
"1,391",SQL002020014,รายงานสินค้าในแคมเปญเลือกซื้อจำนวนครบแถมชิ้นราคาต่ำสุด,CPN02014.rpt,SQL,745,ARCAMPAIGN
"1,392",SQL002020015,รายงานสินค้าในแคมเปญเลือกซื้อจำนวนครบรับส่วนลด 2 ขั้น,CPN02015.rpt,SQL,745,ARCAMPAIGN
"1,393",SQL002020016,รายงานรายละเอียดสินค้าแคมเปญเลือกซื้อจำนวนครบแสดงข้อความ,CPN02016.rpt,SQL,837,ARCAMPAIGN
"1,394",SQL002020001,รายงานรหัส - ชื่อแคมเปญที่ใช้งานในวันที่กำหนด,CPN02001.rpt,SQL,277,ARCAMPAIGN
"1,395",SQL01060004,รายงานสรุปใบรับชำระลูกหนี้จากขนส่ง ตามขนส่ง และวันที่เอกสาร,AR06003.rpt,SQL,1178,ARDETAIL BANKACCOUNT BANKFILE CASHACCOUNT DOCINFO DOCTYPE PAYMENTTYPE SALESMAN SHIPBY SLDETAIL TRANPAYD TRANPAYH
"1,396",SQL01060005,รายงานสรุปใบรับชำระลูกหนี้จากขนส่ง ตามพนักงานขาย,AR06004.rpt,SQL,1178,ARDETAIL BANKACCOUNT BANKFILE CASHACCOUNT DOCINFO DOCTYPE PAYMENTTYPE SALESMAN SHIPBY SLDETAIL TRANPAYD TRANPAYH
"1,397",SQL01060002,รายงานสรุปใบรับชำระจากขนส่ง ตามวันที่และเอกสาร,AR06002.rpt,SQL,1178,ARDETAIL BANKACCOUNT BANKFILE CASHACCOUNT DOCINFO DOCTYPE PAYMENTTYPE SALESMAN SHIPBY SLDETAIL TRANPAYD TRANPAYH
"1,398",SQL01060003,แบบฟอร์มใบชำระจากค่าขนส่ง,DOC06001.rpt,SQL,1178,ARDETAIL BANKACCOUNT BANKFILE CASHACCOUNT DOCINFO DOCTYPE PAYMENTTYPE SALESMAN SHIPBY SLDETAIL TRANPAYD TRANPAYH
"1,400",SQL01060001,รายงานรายละเอียดใบรับชำระลูกหนี้จากขนส่ง ตามวันที่และเอกสาร,AR06001.rpt,SQL,1178,ARDETAIL BANKACCOUNT BANKFILE CASHACCOUNT DOCINFO DOCTYPE PAYMENTTYPE SALESMAN SHIPBY SLDETAIL TRANPAYD TRANPAYH
"1,402",SQL020100001,รายงาน สินค้าที่กำหนดราคาทศนิยมมากกว่า 2 ตำแหน่ง,IC022001.rpt,SQL,318,ARPLU ARPRICETAB GOODSMASTER PRICETAG SKUMASTER
"1,403",RP302002002_1,รายงานสรุปรายการภาษีเงินได้หัก ณ ที่จ่าย (ภ.ง.ด.1),WHT30201.rpt,RP,0,
"1,404",RP302002002_2,รายงานสรุปรายการภาษีเงินได้หัก ณ ที่จ่าย (ภ.ง.ด.2),WHT30202.rpt,RP,0,
"1,405",RP302002002_3,รายงานสรุปรายการภาษีเงินได้หัก ณ ที่จ่าย (ภ.ง.ด.3),WHT30203.rpt,RP,0,
"1,406",RP302002002_4,รายงานสรุปรายการภาษีเงินได้หัก ณ ที่จ่าย (ภ.ง.ด.53),WHT30204.rpt,RP,0,
"1,407",RP45702001,งบทดลอง 12 งวด แบบสรุป,GL457001.rpt,RP,0,
"1,408",RP45702004,งบทดลองสะสม (Cross-Tab) 6 เดือนแรก,GL457004.rpt,RP,0,
"1,409",RP45702005,งบทดลองสะสม (Cross-Tab) 6 เดือนหลัง,GL457005.rpt,RP,0,
"1,410",RP45303001,งบทดลอง,GL453001.rpt,RP,0,
"1,412",RP45702003,งบทดลองรายไตรมาส,GL457003.rpt,RP,0,
"1,413",RP45702002,งบทดลอง 12 งวด,GL457002.rpt,RP,0,
"1,414",RP46603001,งบทดลองสะสม,GL466001.rpt,RP,0,
"1,416",FRM1200102,ใบซื้อสด พร้อมรหัสสินค้า,DOC12002.rpt,FRM,0,
"1,417",FRM1200106,ใบซื้อสด - แบบเส้นตาราง พร้อมรหัสสินค้า,DOC12004.rpt,FRM,0,
"1,418",SQL10001009,รายงานรายละเอียดใบซื้อสด ตามสินค้า,IC100036-2.rpt,SQL,2571,DOCINFO
"1,421",SQL10001010,รายงานสรุปใบซื้อสด ตามโครงการ,IC110221.rpt,SQL,2553,DOCINFO
"1,422",SQL10001015,รายงานสรุปใบซื้อสด ตามเจ้าหนี้,IC110220.rpt,SQL,2541,DOCINFO
"1,423",TFRM1200101,ใบซื้อสด Text Mode,TDOC12001.txt,TFRM,0,
"1,424",SQL11001209,รายงานสรุปใบซื้อสด ตามเอกสาร,IC110208.rpt,SQL,1219,TRANSTKH
"1,425",SQL10001002-2,รายงานรายละเอียดใบซื้อสด ตามเอกสาร,IC100009.rpt,SQL,2453,DOCINFO
"1,426",TFRM1200102,ใบซื้อสด พร้อมรหัส Text Mode,TDOC12002.txt,TFRM,0,
"1,429",SQL10001008-2,รายงานสรุปใบซื้อสด ตามสินค้า,IC110219.rpt,SQL,2541,DOCINFO
"1,430",FRM1200105,ใบซื้อสด (Letter),DOC12005.RPT,FRM,0,
"1,431",FRM1050105,ใบจองสินค้า (Letter),DOC10505.RPT,FRM,0,
"1,432",FRM1050101,ใบจองสินค้า,DOC10501.rpt,FRM,0,
"1,433",FRM1050102,ใบจองสินค้า พร้อมรหัสสินค้า,DOC10502.rpt,FRM,0,
"1,434",FRM1050103,ใบจองสินค้า แบบเส้นและตาราง,DOC10503.RPT,FRM,0,
"1,435",FRM1050104,ใบจองสินค้า แบบเส้นและตาราง พร้อมรหัสสินค้า,DOC10504.RPT,FRM,0,
"1,436",SQL11001007,รายงานรายละเอียดการจองตามสินค้า,IC110007.rpt,SQL,2620,DOCINFO
"1,437",SQL11001038,รายงานสรุปการจองตามสินค้า,IC110038_02.rpt,SQL,2645,DOCINFO
"1,438",SQL110012016,รายงานสรุปใบจองสินค้า ตามเอกสาร,IC110212.rpt,SQL,2786,DOCINFO
"1,439",SQL11001001.,รายงานรายละเอียดใบจองสินค้าตามเอกสาร,IC110001.rpt,SQL,2581,DOCINFO
"1,440",TFRM1050102,ใบจองสินค้า Text Mode พร้อมรหัสสินค้า,TDOC10502.txt,TFRM,0,
"1,444",TFRM1050101,ใบจองสินค้า Text Mode,TDOC10501.txt,TFRM,0,
"1,445",RP16204001.,รายงานรายละเอียดสินค้าคงเหลือ - ณ วันปิดต้นทุน,IC162001.rpt,RP,0,
"1,446",SQL00204001,รายงานแสดงวันเวลาในการสั่งปิดต้นทุน,GL002001.rpt,SQL,195,ICCOMMIT
"1,449",SQL00204002,รายงานแสดงจำนวนสินค้าไม่เพียงพอในการลงรายวัน,GL002002.RPT,SQL,446,ICCMLOG
"1,450",RP16700401,รายงานสต็อกการ์ดรวมทุกตำแหน่งเก็บ ไม่แสดงทุน,IC167004.rpt,RP,0,
"1,451",RP16304003,รายงานสต็อกการ์ด ไม่แสดงทุน,IC163003.rpt,RP,0,
"1,452",RP65900101,รายงานสรุปสินค้าคงเหลือแบบ Crosstab,IC659001.rpt,RP,0,
"1,453",SQL030009001,รายงานสรุปสินค้าคงเหลือ แบบล็อต(Lot No),IC030009.rpt,SQL,935,ARPRICETAB BRAND DOCINFO DOCTYPE GOODSMASTER ICCAT ICDEPT SKUMASTER SKUMOVE UOFQTY WAREHOUSE WARELOCATION
"1,454",RP174020002,รายงานสรุปสินค้าคงเหลือแสดงจำนวนค้างรับ ค้างส่ง พร้อมทุน,IC174002.rpt,RP,0,
"1,455",RP161040011,รายงานสรุปสินค้าคงเหลือในคลัง พร้อมทุนจริง,IC161011.rpt,RP,0,
"1,456",SQL03004003,รายงานรายละเอียดสินค้าคงเหลือ แบบเลขที่กำกับ (Serial),IC030003.rpt,SQL,967,BRAND DOCINFO DOCTYPE ICCAT ICDEPT SKUMASTER SKUMOVE UOFQTY WAREHOUSE WARELOCATION
"1,457",SQL030008001,รายงานรายละเอียดสินค้าคงเหลือ ตามเลขล็อต(Lot No),IC030008.rpt,SQL,837,SKUMOVE
"1,458",RP16104005,รายงานจำนวนสินค้าคงเหลือ ตามคลังและตำแหน่งเก็บ (Cross-Tab),IC161005.rpt,RP,0,
"1,459",RP18604001,"รายงานสินค้าคงเหลือรวมทุกคลัง แสดงยอดค้างรับ,ค้างส่ง",IC186001.rpt,RP,0,
"1,462",SQL03004008,รายงานสรุปสินค้าคงเหลือ แบบเลขที่กำกับ (Serial),IC030006.rpt,SQL,956,ARPRICETAB BRAND DOCINFO DOCTYPE GOODSMASTER ICCAT ICDEPT SKUMASTER SKUMOVE UOFQTY WAREHOUSE WARELOCATION
"1,464",RP16104007,รายงานสรุปสินค้าคงเหลือในคลัง ตามประเภท พร้อมทุนจริง,IC161007.rpt,RP,0,
"1,465",RP161013001,รายงานสรุปสินค้าคงเหลือในคลัง ตามยี่ห้อ พร้อมทุนจริง,IC161013.rpt,RP,0,
"1,466",RP161014001,รายงานสรุปสินค้าคงเหลือในคลัง ตามหมวด พร้อมทุนจริง,IC161014.rpt,RP,0,
"1,471",RP16115015,รายงานสรุปสินค้าคงเหลือทุก ตน.เก็บ ตามประเภท - ทุนจริง,IC161015.rpt,RP,0,
"1,472",RP16404001-2,รายงานสรุปการเคลื่อนไหวสินค้าตามคลังและตำแหน่งเก็บพร้อมทุน.,IC164001-2.rpt,RP,0,
"1,473",RP16404002,รายงานสรุปการเคลื่อนไหวสินค้ารวมทุกคลัง พร้อมทุน,IC164002.rpt,RP,0,
"1,474",RP16804001,รายงานรายละเอียดการเคลื่อนไหวสินค้า ตามล็อตและคลัง,IC168001.rpt,RP,0,
"1,475",RP16804001_01,รายงานรายละเอียดเคลื่อนไหวสินค้าตามล็อตและคลังแสดงLot/Serial,IC168001_01.rpt,RP,0,
"1,477",RP17004001-1,รายงานสรุปการเคลื่อนไหวสินค้าแยกล็อตและคลัง,IC170001-1.rpt,RP,0,
"1,479",RP16604001,รายงานสรุปการเคลื่อนไหวสินค้าตามรหัสบัญชี,IC166001.rpt,RP,0,
"1,480",RP16404001,รายงานสรุปการเคลื่อนไหวสินค้าตามคลังและตำแหน่งเก็บ พร้อมทุน,IC164001-1.rpt,RP,0,
"1,482",RP16404006,รายงานสรุปการเคลื่อนไหวสินค้ารวมทุกคลัง ไม่แสดงทุน,IC164006.rpt,RP,0,
"1,483",RP16404005,รายงานสรุปการเคลื่อนไหวสินค้าตามคลัง ไม่แสดงทุน,IC164005.rpt,RP,0,
"1,484",RP16404003,รายงานรายละเอียดการเคลื่อนไหวสินค้า ไม่แสดงทุน,IC164003.rpt,RP,0,
"1,485",FRM20802004,ใบคืนรับมัดจำ (Letter),DOC20804.rpt,FRM,0,
"1,486",FRM20802002,รายงานรายละเอียดการคืนเงินมัดจำ ตามเอกสาร,AR208001.rpt,FRM,0,
"1,487",TFRM2080201,ใบคืนรับมัดจำ Text Mode,TDOC20801.txt,TFRM,0,
"1,488",SQL00103018,รายงานสรุปใบคืนมัดจำ,AR103005.rpt,SQL,693,DOCINFO
"1,491",FRM20802001,ใบคืนรับมัดจำ,DOC20801.rpt,FRM,0,
"1,492",FRM20802003,ใบคืนรับมัดจำ-แบบเส้นตาราง,DOC20803.rpt,FRM,0,
"1,493",RP300301001,"รายงานภาษีซื้อ (มาตรา 87 , 87/3 วรรคสอง ) (ประกาศ 197)",VAT010001.rpt,RP,0,
"1,494",SQL13003002,ทะเบียนภาษีซื้อ(ยังไม่ได้นำส่ง),VAT010008.rpt,SQL,858,TRANPAYA VATTABLE
"1,495",RP300301006,ทะเบียนภาษีซื้อ (เรียงตามใบกำกับภาษีซื้อ),VAT010006.RPT,RP,0,
"1,496",RP300301002,ทะเบียนภาษีซื้อ (เรียงตามเลขที่เอกสาร),VAT010005.RPT,RP,0,
"1,499",RP30030100126,"รายงานภาษีซื้อ (มาตรา 87 , 87/3 วรรคสอง )",VAT010001_26.rpt,RP,0,
"1,500",RP300301003,รายงานภาษีซื้อ (ปันส่วนภาษี),VAT010007.rpt,RP,0,
"1,501",POS03208002,รายงานสรุปการรับเงินทอน,POS03202.rpt,POS,0,
"1,502",POS03208001,รายงานรายละเอียดการรับเงินทอน,POS03201.rpt,POS,0,
"1,504",FRM1180105,ใบขอซื้อสินค้า (Letter),DOC11805.RPT,FRM,0,
"1,505",SQL09001007,รายงานสรุปใบขอซื้อ ตามสินค้า,IC090007.rpt,SQL,1745,DOCINFO
"1,506",FRM1180102,ใบขอซื้อสินค้า พร้อมรหัสสินค้า,DOC11802.rpt,FRM,0,
"1,507",FRM1180104,ใบขอซื้อสินค้า แบบเส้นและตาราง พร้อมรหัสสินค้า,DOC11804.rpt,FRM,0,
"1,508",SQL09001001,รายงานรายละเอียดใบขอซื้อ ตามเอกสาร,IC090001.rpt,SQL,1576,DOCINFO
"1,509",SQL110012019,รายงานสรุปใบขอซื้อ ตามเอกสาร,IC110213.rpt,SQL,853,DOCINFO
"1,510",SQL09001005,รายงานสรุปใบขอซื้อ ตามโครงการ,IC090005.rpt,SQL,1439,DOCINFO
"1,514",SQL09001006,รายงานรายละเอียดใบขอซื้อ ตามสินค้า,IC090006.rpt,SQL,1729,DOCINFO
"1,515",TFRM1180101,ใบขอซื้อ Text Mode,TDOC11801.txt,TFRM,0,
"1,516",FRM1030105,ใบรับสินค้าจากซื้อ (Letter),DOC10305.RPT,FRM,0,
"1,517",SQL10001008,รายงานรายละเอียดใบรับสินค้า ตามสินค้า,IC100036-1.RPT,SQL,2571,DOCINFO
"1,518",FRM1030102,ใบรับสินค้าจากซื้อ พร้อมรหัสสินค้า,DOC10302.RPT,FRM,0,
"1,519",FRM1030106,ใบรับสินค้าจากซื้อ แบบเส้นตาราง พร้อมรหัส,DOC10304.RPT,FRM,0,
"1,520",TFRM1030101,ใบรับสินค้าจากซื้อ Text Mode,TDOC10301.txt,TFRM,0,
"1,521",SQL11001208,รายงานสรุปใบรับสินค้า ตามเอกสาร,IC110208_03.rpt,SQL,1261,TRANSTKH
"1,522",SQL10001002-1,รายงานรายละเอียดใบรับสินค้า ตามเอกสาร,IC100002.rpt,SQL,2447,DOCINFO
"1,523",SQL10001027-1,รายงานสรุปสินค้าใบรับสินค้า ตามผู้จำหน่าย,IC100027-1.rpt,SQL,2624,DOCINFO
"1,524",SQL10001034-1,รายงานสรุปใบรับสินค้า ตามโครงการ,IC100034-1.rpt,SQL,2622,DOCINFO
"1,525",SQL10001008-1,รายงานสรุปใบรับ ตามสินค้า,IC100008-1.rpt,SQL,2603,DOCINFO
"1,529",RP161012001,รายงานสรุปสินค้าคงเหลือในคลัง ตามประเภท พร้อมทุนฝ่ายขาย,IC161012.rpt,RP,0,
"1,533",RP16104001,รายงานสรุปสินค้าคงเหลือในคลัง พร้อมทุนฝ่ายขาย,IC161001.rpt,RP,0,
"1,534",RP16104008,รายงานสรุปสินค้าคงเหลือในคลัง ตามหมวด พร้อมทุนฝ่ายขาย,IC161008.rpt,RP,0,
"1,535",RP16104009,รายงานสรุปสินค้าคงเหลือในคลัง ตามยี่ห้อ พร้อมทุนฝ่ายขาย,IC161009.rpt,RP,0,
"1,536",RP16106006,รายงานสรุปสินค้าคงเหลือทุก ตน.เก็บ ตามประเภท - ทุนฝ่ายขาย,IC161006.rpt,RP,0,
"1,537",RP6550001,รายงานใบปรับราคาตามใบรับสินค้า,IC655001.rpt,RP,0,
"1,538",RP6570001,รายงานใบปรับราคาตามใบสั่งซื้อ,IC657001.rpt,RP,0,
"1,539",SQL041120001,รายงานจัดลำดับยอดขายตามสินค้า,SA120001.RPT,SQL,1452,ARCAT ARDETAIL ARFILE BRANCH BRAND DEPTTAB DOCINFO DOCTYPE ICCAT ICDEPT PRJTAB SALESMAN SKUALT SKUMASTER SKUMOVE SLDETAIL TRANSTKH UOFQTY WAREHOUSE WARELOCATION
"1,541",SQL041120002,รายงานจัดลำดับยอดขายตามประเภทสินค้า,SA120002.RPT,SQL,1369,ARCAT ARDETAIL ARFILE BRANCH BRAND DEPTTAB DOCINFO DOCTYPE ICCAT ICDEPT PRJTAB SALESMAN SKUALT SKUMASTER SKUMOVE SLDETAIL TRANSTKH UOFQTY WAREHOUSE WARELOCATION
"1,542",SQL041120003,รายงานจัดลำดับยอดขายตามหมวดสินค้า,SA120003.RPT,SQL,1377,ARCAT ARDETAIL ARFILE BRANCH BRAND DEPTTAB DOCINFO DOCTYPE ICCAT ICDEPT PRJTAB SALESMAN SKUALT SKUMASTER SKUMOVE SLDETAIL TRANSTKH UOFQTY WAREHOUSE WARELOCATION
"1,543",SQL041120004,รายงานจัดลำดับยอดขายตามยี่ห้อ,SA120004.RPT,SQL,1357,ARCAT ARDETAIL ARFILE BRANCH BRAND DEPTTAB DOCINFO DOCTYPE ICCAT ICDEPT PRJTAB SALESMAN SKUALT SKUMASTER SKUMOVE SLDETAIL TRANSTKH UOFQTY WAREHOUSE WARELOCATION
"1,545",SQL041120005,รายงานจัดลำดับยอดขายตามประเภทและรหัสลูกค้า,SA120005.RPT,SQL,1364,ARCAT ARDETAIL ARFILE BRANCH BRAND DEPTTAB DOCINFO DOCTYPE ICCAT ICDEPT PRJTAB SALESMAN SKUALT SKUMASTER SKUMOVE SLDETAIL TRANSTKH UOFQTY WAREHOUSE WARELOCATION
"1,547",SQL041120006,รายงานจัดลำดับยอดขายตามพนักงานขาย,SA120006.RPT,SQL,1373,ARCAT ARDETAIL ARFILE BRANCH BRAND DEPTTAB DOCINFO DOCTYPE ICCAT ICDEPT PRJTAB SALESMAN SKUALT SKUMASTER SKUMOVE SLDETAIL TRANSTKH UOFQTY WAREHOUSE WARELOCATION
"1,549",SQL041120007,รายงานจัดลำดับยอดขายตามแผนก,SA120007.RPT,SQL,1375,ARCAT ARDETAIL ARFILE BRANCH BRAND DEPTTAB DOCINFO DOCTYPE ICCAT ICDEPT PRJTAB SALESMAN SKUALT SKUMASTER SKUMOVE SLDETAIL TRANSTKH UOFQTY WAREHOUSE WARELOCATION
"1,550",SQL00104008,รายงานยอดขายตามลูกค้า[2ช่อง],SA001008.rpt,SQL,1062,DOCTYPE
"1,551",SQL00104013,รายงานยอดขายตามลูกค้ารายไตรมาส,SA001013.rpt,SQL,1061,DOCTYPE
"1,552",SQL00104016,รายงานยอดขายตามลูกค้ารายเดือน,SA001016.rpt,SQL,1062,DOCTYPE
"1,554",SQL00104012,รายงานยอดขายตามพนักงานขายรายสัปดาห์,SA001012.rpt,SQL,1065,DOCTYPE
"1,555",SQL00104011,รายงานยอดขายตามพนักงานขาย 3 ช่อง,SA001011.rpt,SQL,1064,DOCTYPE
"1,556",SQL00104015,รายงานยอดขายตามพนักงานขายรายเดือน,SA001015.rpt,SQL,1064,DOCTYPE
"1,557",SQL00104014,รายงานยอดขายตามพนักงานขายรายไตรมาส,SA001014.rpt,SQL,1065,DOCTYPE
"1,559",SQL00104020,รายงานยอดขายตามแผนกรายสัปดาห์,SA001020.rpt,SQL,1122,DOCTYPE
"1,560",SQL00104021,รายงานยอดขายตามแผนกรายครึ่งเดือน,SA001021.rpt,SQL,1121,DOCTYPE
"1,561",SQL10004001,รายงานสรุปยอดขายพร้อมทุน/กำไร ตามสินค้า,SA100001.rpt,SQL,1335,SKUMOVE
"1,562",SQL10004002,รายงานสรุปยอดขายพร้อมทุน/กำไร ตามประเภทสินค้า,SA100002.rpt,SQL,1267,SKUMOVE
"1,563",SQL10004003,รายงานยอดขายพร้อมทุน/กำไร ตามหมวด,SA100003.rpt,SQL,1275,SKUMOVE
"1,564",SQL10004004,รายงานสรุปยอดขายพร้อมทุน/กำไร ตามยี่ห้อ,SA100004.rpt,SQL,1264,SKUMOVE
"1,565",SQL10004005,รายงานสรุปยอดขายพร้อมทุน/กำไร ตามประเภทและลูกค้า,SA100005.rpt,SQL,1299,SKUMOVE
"1,566",SQL10004006,รายงานสรุปยอดขายพร้อมทุน/กำไร ตามพนักงานขาย,SA100006.rpt,SQL,1370,SKUMOVE
"1,567",SQL10004007,รายงานสรุปยอดขายพร้อมทุน/กำไร ตามแผนก,SA100007.rpt,SQL,1273,SKUMOVE
"1,568",SQL01010009,รายงานรายละเอียดเอกสารขายที่ขายขาดทุน,IC101007.rpt,SQL,1337,DOCINFO
"1,569",RP8320001,รายงานแสดงสินค้าที่ขายขาดทุน 6 เดือน,IC832001.rpt,RP,0,
"1,570",RP8280001,รายงานแสดงสินค้าที่ขายขาดทุน 6 เดือน ตามประเภทสินค้า,IC828001-1.rpt,RP,0,
"1,571",RP8290001,รายงานแสดงสินค้าที่ขายขาดทุน 6 เดือน ตามยี่ห้อสินค้า,IC828001-2.rpt,RP,0,
"1,572",RP8300001,รายงานแสดงสินค้าที่ขายขาดทุน 6 เดือน ตามหมวดสินค้า,IC828001-3.rpt,RP,0,
"1,573",RP8310001,รายงานแสดงสินค้าที่ขายขาดทุน 6 เดือน ตามผู้จำหน่ายหลัก,IC828001.rpt,RP,0,
"1,575",SQL10010007,รายงานราคาขายต่ำกว่าทุนตามตารางราคา,IC101005.rpt,SQL,422,ARUPRC SKUMASTER
"1,576",SQL01010008,รายงานสรุปเอกสารขายที่ขาดทุน,IC101006.rpt,SQL,1060,DOCINFO
"1,577",SQL0705004,รายงานตรวจสอบประวัติการเปลี่ยนแปลงราคาขาย - ตามสินค้า,PC0510004.RPT,SQL,896,PRICECHANGE
"1,578",SQL0705005,รายงานตรวจสอบประวัติการเปลี่ยนแปลงราคาขาย-ตามเวลา,PC0510005.RPT,SQL,894,PRICECHANGE
"1,579",SQL0705006,รายงานเปลี่ยนแปลงราคาขาย-ตามผู้จำหน่ายหลัก,PC0510006.rpt,SQL,1244,PRICECHANGE
"1,580",SQL0705001,รายงานเปลี่ยนแปลงราคาขาย ตามตารางราคา,PC0510001.rpt,SQL,1125,PRICECHANGE
"1,581",SQL0705002,รายงานเปลี่ยนแปลงราคาขาย - ตามสินค้า,PC0510002.rpt,SQL,1125,PRICECHANGE
"1,583",SQL030100121,รายงานเช็ครับในมือครบกำหนด.,BK030012.rpt,SQL,224,CHEQUEIN
"1,584",SQL030100111,รายงานเช็คจ่ายล่วงหน้าครบกำหนด,BK030011.rpt,SQL,239,CHEQUEBOOK
"1,585",SQL001020122,รายงานสรุปลูกหนี้ครบกำหนดชำระ,AR510006.rpt,SQL,660,DOCINFO
"1,586",SQL001020121,รายงานสรุปลูกหนี้ครบกำหนดวางบิล,FN001013.rpt,SQL,479,ARDETAIL ARFILE DOCINFO VATTABLE
"1,587",SQL002020151,รายงานสรุปเจ้าหนี้ครบกำหนดชำระ,AP103006.rpt,SQL,228,APDETAIL APFILE DOCINFO VATTABLE
"1,588",SQL0910015,รายงานรายละเอียดใบเสนอราคา - หมดอายุ,IC091015.rpt,SQL,2788,DOCINFO
"1,590",RP102010012,รายงานสรุปใบสั่งซื้อ - ถึงกำหนดรับ,IC102007.rpt,RP,0,
"1,591",RP102010011,รายงานรายละเอียดใบสั่งซื้อ - ถึงกำหนดรับ,IC102004.rpt,RP,0,
"1,593",RP102010021,รายงานรายละเอียดใบสั่งซื้อ - หมดอายุ,IC102005.rpt,RP,0,
"1,594",RP102010022,รายงานสรุปใบสั่งซื้อ - หมดอายุ,IC102006.rpt,RP,0,
"1,596",FRM105010062,รายงานสรุปใบจอง - ถึงกำหนดส่ง,IC105008.rpt,FRM,0,
"1,597",FRM105010061,รายงานรายละเอียดใบจอง - ถึงกำหนดส่ง,IC105004.rpt,FRM,0,
"1,599",FRM105010071,รายงานรายละเอียดใบจอง - หมดอายุ,IC105005.rpt,FRM,0,
"1,600",FRM105010072,รายงานสรุปใบจอง - หมดอายุ,IC105007.rpt,FRM,0,
"1,601",SQL0910016,รายงานสรุปใบเสนอราคา - หมดอายุ,IC091016.rpt,SQL,2697,DOCINFO
"1,602",RP8370001,รายงานแนวโน้มสินค้าเติบโต,IC837001.rpt,RP,0,
"1,603",RP8380001,รายงานแนวโน้มสินค้าถดถอย,IC838001.rpt,RP,0,
"1,604",RP8330001,รายงานแนวโน้มสินค้าตามประเภท,IC833001.rpt,RP,0,
"1,606",RP8340001,รายงานแนวโน้มสินค้าตามยี่ห้อ,IC833001.rpt,RP,0,
"1,607",RP8350001,รายงานแนวโน้มสินค้าตามหมวด,IC833001.rpt,RP,0,
"1,608",RP8360001,รายงานแนวโน้มสินค้าตามผู้จำหน่ายหลัก,IC833001.rpt,RP,0,
"1,609",RP802020002,รายงานสินค้าที่ไม่เคลื่อนไหว,IC802002.rpt,RP,0,
"1,610",RP82100001,รายงานแสดงสินค้าไม่มียอดขาย,IC821001.rpt,RP,0,
"1,611",RP82000001,รายงานแสดงสินค้าไม่มียอดขาย ตามผู้จำหน่าย,IC820001-4.rpt,RP,0,
"1,612",RP81900001,รายงานแสดงสินค้าไม่มียอดขาย ตามหมวดสินค้า,IC820001-2.rpt,RP,0,
"1,613",RP81800001,รายงานแสดงสินค้าไม่มียอดขาย ตามยี่ห้อสินค้า,IC820001-3.rpt,RP,0,
"1,614",RP81700001,รายงานแสดงสินค้าไม่มียอดขาย ตามประเภทสินค้า,IC820001-1.rpt,RP,0,
"1,616",RP4501001,รายงานลำดับประเภทสินค้ายอดฮิต,CP4501001.rpt,RP,0,
"1,617",RP4502001,รายงานลำดับยี่ห้อสินค้ายอดฮิต,CP4501001.rpt,RP,0,
"1,618",RP4503001,รายงานลำดับหมวดสินค้ายอดฮิต,CP4501001.rpt,RP,0,
"1,619",RP4504001,รายงานลำดับผู้จำหน่ายหลักยอดฮิต,CP4501001.rpt,RP,0,
"1,620",RP4505001,รายงานลำดับสินค้ายอดฮิต,CP4501001.rpt,RP,0,
"1,621",RP4506001,รายงานลำดับสินค้ายอดฮิตแต่ละประเภท,CP4506001.rpt,RP,0,
"1,622",RP4507001,รายงานลำดับสินค้ายอดฮิตแต่ละยี่ห้อ,CP4506001.rpt,RP,0,
"1,623",RP4508001,รายงานลำดับสินค้ายอดฮิตแต่ละหมวด,CP4506001.rpt,RP,0,
"1,624",RP4509001,รายงานลำดับสินค้ายอดฮิตแต่ละผู้จำหน่ายหลัก,CP4506001.rpt,RP,0,
"1,626",RP4601001,รายงานสรุปยอดขายตามแคมเปญ,CP4601001.rpt,RP,0,
"1,627",RP4602001,รายงานสรุปยอดขายตามประเภทแคมเปญ,CP4602001.rpt,RP,0,
"1,628",RP4604001,รายงานวิเคราะห์ยอดขายสินค้านาทีทอง,CP4604001.rpt,RP,0,
"1,629",RP4603001,รายงานวิเคราะห์ยอดขายสินค้าแคมเปญ,CP4603001.rpt,RP,0,
"1,630",RP4510001,รายงานสินค้ามักซื้อคู่กันตามประเภทสินค้า,CP4510001.rpt,RP,0,
"1,631",RP4511001,รายงานสินค้ามักซื้อคู่กันตามยี่ห้อสินค้า,CP4510001.rpt,RP,0,
"1,632",RP4512001,รายงานสินค้ามักซื้อคู่กันตามหมวดสินค้า,CP4510001.rpt,RP,0,
"1,633",RP4513001,รายงานสินค้ามักซื้อคู่กันตามผู้จำหน่ายหลัก,CP4510001.rpt,RP,0,
"1,634",POS031211,รายงานสรุปยอดขายตามประเภทสินค้า,POS031211.rpt,POS,0,
"1,635",POS031221,รายงานสรุปยอดขายตามยี่ห้อสินค้า,POS031211.rpt,POS,0,
"1,636",POS031231,รายงานสรุปยอดขายตามหมวดสินค้า,POS031211.rpt,POS,0,
"1,637",POS031241,รายงานสรุปยอดขายตามผู้จำหน่ายหลัก,POS031211.rpt,POS,0,
"1,638",POS031281,รายงานสรุปยอดขายตามสินค้า,POS031211.rpt,POS,0,
"1,639",POS031301,รายงานสรุปยอดขายตามสาขา,POS031211.rpt,POS,0,
"1,640",POS031261,รายงานสรุปยอดขายแต่ละวัน,POS031261.rpt,POS,0,
"1,641",POS03121,รายงานสรุปยอดขายตามประเภทสินค้า พร้อมทุน,POS03121.rpt,POS,0,
"1,642",POS03122,รายงานสรุปยอดขายตามยี่ห้อสินค้า พร้อมทุน,POS03121.rpt,POS,0,
"1,643",POS03123,รายงานสรุปยอดขายตามหมวดสินค้า พร้อมทุน,POS03121.rpt,POS,0,
"1,644",POS03124,รายงานสรุปยอดขายตามผู้จำหน่ายหลัก พร้อมทุน,POS03121.rpt,POS,0,
"1,645",POS03125,รายงานสรุปยอดขายตามพนักงานขาย พร้อมทุน,POS03121.rpt,POS,0,
"1,646",POS03126,รายงานสรุปยอดขายแต่ละวัน พร้อมทุน,POS03126.rpt,POS,0,
"1,647",POS03127,รายงานสรุปยอดขายตามแคชเชียร์ พร้อมทุน,POS03127.rpt,POS,0,
"1,648",POS03128,รายงานสรุปยอดขายตามสินค้า พร้อมทุน,POS03121.rpt,POS,0,
"1,649",POS03129,รายงานสรุปยอดขายตามเครื่อง พร้อมทุน,POS03121.rpt,POS,0,
"1,650",POS03130,รายงานสรุปยอดขายแต่ละสาขา พร้อมทุน,POS03121.rpt,POS,0,
"1,651",POS03101,รายงานสรุปยอดขายตามสาขาและประเภทสินค้า พร้อมทุน,POS3101.rpt,POS,0,
"1,652",POS03102,รายงานสรุปยอดขายตามสาขาและยี่ห้อสินค้า พร้อมทุน,POS3101.rpt,POS,0,
"1,653",POS03103,รายงานสรุปยอดขายตามสาขาและหมวดสินค้า พร้อมทุน,POS3101.rpt,POS,0,
"1,654",POS03104,รายงานสรุปยอดขายตามสาขาและผู้จำหน่ายหลัก พร้อมทุน,POS3101.rpt,POS,0,
"1,655",POS03105,รายงานสรุปยอดขายตามสาขาและพนักงานขาย พร้อมทุน,POS3101.rpt,POS,0,
"1,656",POS03106,รายงานสรุปยอดขายแต่ละวันตามสาขา พร้อมทุน,POS3106.rpt,POS,0,
"1,657",POS03107,รายงานสรุปยอดขายตามสาขาและแคชเชียร์ พร้อมทุน,POS3107.rpt,POS,0,
"1,658",POS03108,รายงานสรุปยอดขายสินค้าตามสาขา พร้อมทุน,POS3101.rpt,POS,0,
"1,659",POS03109,รายงานสรุปยอดขายตามสาขาและเครื่อง พร้อมทุน,POS3101.rpt,POS,0,
"1,660",POS03111,รายงานสรุปยอดขายตามเครื่องและประเภทสินค้า พร้อมทุน,POS03111.rpt,POS,0,
"1,661",POS03112,รายงานสรุปยอดขายตามเครื่องและยี่ห้อสินค้า พร้อมทุน,POS03111.rpt,POS,0,
"1,662",POS03113,รายงานสรุปยอดขายตามเครื่องและหมวดสินค้า พร้อมทุน,POS03111.rpt,POS,0,
"1,663",POS03114,รายงานสรุปยอดขายตามเครื่องและผู้จำหน่ายหลัก พร้อมทุน,POS03111.rpt,POS,0,
"1,664",POS03115,รายงานสรุปยอดขายตามเครื่องและพนักงานขาย พร้อมทุน,POS03111.rpt,POS,0,
"1,665",POS03116,รายงานสรุปยอดขายแต่ละวันตามเครื่อง พร้อมทุน,POS03116.rpt,POS,0,
"1,666",POS03117,รายงานสรุปยอดขายตามเครื่องและแคชเชียร์ พร้อมทุน,POS03117.rpt,POS,0,
"1,667",POS03118,รายงานสรุปยอดขายสินค้าตามเครื่อง พร้อมทุน,POS03111.rpt,POS,0,
"1,668",POS03136,รายงานสรุปยอดขายแต่ละวันที่ตามพนักงานขาย,POS03136.rpt,POS,0,
"1,669",POS03138,รายงานสรุปยอดขายสินค้าตามพนักงานขาย,POS03138.rpt,POS,0,
"1,670",POS0312501,รายงานสรุปยอดขายตามพนักงานขาย,POS0312501.rpt,POS,0,
"1,671",POS0310501,รายงานสรุปยอดขายตามสาขาและพนักงานขาย,POS0310501.rpt,POS,0,
"1,672",POS031011,รายงานสรุปยอดขายตามสาขาและประเภทสินค้า,POS31011.rpt,POS,0,
"1,673",POS031021,รายงานสรุปยอดขายตามสาขาและยี่ห้อสินค้า,POS31011.rpt,POS,0,
"1,674",POS031031,รายงานสรุปยอดขายตามสาขาและหมวดสินค้า,POS31011.rpt,POS,0,
"1,675",POS031041,รายงานสรุปยอดขายตามสาขาและผู้จำหน่ายหลัก,POS31011.rpt,POS,0,
"1,676",POS031081,รายงานสรุปยอดขายสินค้าตามสาขา,POS31061.rpt,POS,0,
"1,677",POS031061,รายงานสรุปยอดขายแต่ละวันตามสาขา,POS31011.rpt,POS,0,
"1,678",SQL25302003,ใบชำระหนี้เจ้าหนี้ แสดงการลงบัญชี,DOC25303.rpt,SQL,3714,ACCOUNTCHART ADDRBOOK APADDRESS APFILE BANKACCOUNT BANKFILE CHEQUEBOOK DEPTTAB DOCINFO DOCTYPE PAYMENTTYPE TRANPAYA TRANPAYD TRANPAYH TRANPAYJ
"1,679",SQL001030024,รายงานเอกสารที่จ่ายชำระขาดหรือเกิน,DI103001.rpt,SQL,857,APFILE APPAYMENT DOCINFO DOCTYPE SYSLOOKUP TRANPAYD TRANPAYH
"1,683",RP55502006,รายงานสรุปชำระเจ้าหนี้รายวัน (เงินโอน),AP555006.rpt,RP,0,
"1,684",RP56002006,รายงานรายละเอียดยอดจ่ายชำระรายวัน,AP560006.rpt,RP,0,
"1,685",TFRM2530201,ใบชำระหนี้เจ้าหนี้ Text Mode,TDOC25301.txt,TFRM,0,
"1,687",RP55502001,รายงานสรุปยอดชำระเจ้าหนี้รายวัน,AP555001.rpt,RP,0,
"1,689",RP55500301,รายงานสรุปยอดชำระเจ้าหนี้เงินสดรายวัน,AP555003.rpt,RP,0,
"1,690",RP5555005001,รายงานสรุปยอดชำระเจ้าหนี้เช็ครายวัน,AP555005.rpt,RP,0,
"1,691",SQL25302002,ใบชำระหนี้เจ้าหนี้ แบบเส้นตาราง,DOC25302.rpt,SQL,2341,ADDRBOOK APADDRESS APFILE BANKACCOUNT CHEQUEBOOK DEPTTAB DOCINFO DOCTYPE PAYMENTTYPE TRANPAYA TRANPAYD TRANPAYH
"1,692",SQL25302001,ใบชำระหนี้เจ้าหนี้,DOC25301.rpt,SQL,2341,ADDRBOOK APADDRESS APFILE BANKACCOUNT CHEQUEBOOK DEPTTAB DOCINFO DOCTYPE PAYMENTTYPE TRANPAYA TRANPAYD TRANPAYH
"1,693",POS032011,รายงานสรุปยอดชำระแต่ละวันตามสาขา,POS032011.rpt,POS,0,
"1,694",POS032021,รายงานสรุปยอดชำระแต่ละแคชเชียร์ตามสาขา,POS032021.rpt,POS,0,
"1,695",POS032031,รายงานสรุปยอดชำระแต่ละเครื่องตามสาขา,POS032031.rpt,POS,0,
"1,696",POS032111,รายงานสรุปยอดชำระแต่ละวันตามเครื่อง,POS032111.rpt,POS,0,
"1,697",POS032121,รายงานสรุปยอดชำระแต่ละแคชเชียร์ตามเครื่อง,POS032121.rpt,POS,0,
"1,698",POS032211,รายงานสรุปยอดชำระแต่ละวันตามแคชเชียร์,POS032211.rpt,POS,0,
"1,699",POS032231,รายงานสรุปยอดชำระแต่ละเครื่องตามแคชเชียร์,POS032231.rpt,POS,0,
"1,701",POS032044,รายงานสรุปยอดชำระแต่ละสาขา,POS032044.rpt,POS,0,
"1,702",POS032043,รายงานสรุปยอดชำระแต่ละเครื่อง,POS032043.rpt,POS,0,
"1,703",POS032041,รายงานสรุปยอดชำระแต่ละวัน,POS032041.rpt,POS,0,
"1,704",POS032042,รายงานสรุปยอดชำระแต่ละแคชเชียร์,POS032042.rpt,POS,0,
"1,705",POS02508004,รายงานสรุปการชำระแต่ละวันแยกสาขาและเครื่องPOS,POS02504.rpt,POS,0,
"1,706",POS02508005,รายงานสรุปการชำระแต่ละวันแยกสาขา,POS02505.rpt,POS,0,
"1,707",POS02508006,รายงานสรุปรวมการชำระแต่ละวัน,POS02506.rpt,POS,0,
"1,708",POS02508003,รายงานสรุปการชำระแต่ละเครื่อง ตามสาขา,POS02503.rpt,POS,0,
"1,711",MB3856001,รายงานยอดขายตามอาชีพ - เพศ ยี่ห้อ - สินค้า,MB3856001.rpt,MB,0,
"1,712",MB3857001,รายงานยอดขายตามอายุ - เพศ ยี่ห้อ - สินค้า,MB3857001.rpt,MB,0,
"1,713",MB3858001,รายงานยอดขายตามสถานภาพ - เพศ ยี่ห้อ - สินค้า,MB3858001.rpt,MB,0,
"1,714",MB3821004,รายงานสรุปยอดขายสมาชิก ตามยี่ห้อ,MB3821004.rpt,MB,0,
"1,715",MB3821007,รายงานสรุปยอดขายสินค้า ตามยี่ห้อ,MB3821007.rpt,MB,0,
"1,716",MB3821009,รายงานสรุปยอดขายตามเอกสาร สมาชิก ยี่ห้อ,MB3821009.rpt,MB,0,
"1,717",MB3821001,รายงานรายละเอียดยอดขายตามเอกสาร สมาชิก ยี่ห้อ,MB3821001.rpt,MB,0,
"1,718",MB3804001,รายงานประวัติการขายสมาขิกย้อนหลัง 6 เดือน,MB3804001.rpt,MB,0,
"1,719",MB3805001,รายงานประวัติการขายสมาชิกย้อนหลัง 6 เดือน ตามประเภทสมาชิก,MB3805001.rpt,MB,0,
"1,720",MB3806001,รายงานประวัติการขายสมาชิกย้อนหลัง 6 เดือน ตามอาชีพ,MB3806001.rpt,MB,0,
"1,721",MB3807001,รายงานประวัติการขายสมาชิกย้อนหลัง 6 เดือน ตามอายุ,MB3807001.rpt,MB,0,
"1,722",MB3808001,รายงานประวัติการขายสมาชิกย้อนหลัง 6 เดือน ตามเพศ,MB3808001.rpt,MB,0,
"1,723",MB3809001,รายงานประวัติการขายสมาชิกย้อนหลัง 6 เดือน ตามสถานภาพ,MB3809001.rpt,MB,0,
"1,725",MB3909001,รายงานยอดซื้อสมาชิกตามวันที่ พร้อมประเภทชำระ,MB3909001.rpt,MB,0,
"1,726",MB3909002,รายงานยอดซื้อสมาชิก พร้อมประเภทการชำระ,MB3909002.rpt,MB,0,
"1,727",MB3821003,รายงานจัดอันดับยอดขายสมาชิก,MB3821003.rpt,MB,0,
"1,729",MB3803002,รายงานประวัติการขายตามสมาชิกก่อนเดือนเกิด แสดงที่อยู่,MB3803002.rpt,MB,0,
"1,730",MB3822002,รายงานรายละเอียดสินค้าที่ซื้อในวันเกิด,MB3822002.rpt,MB,0,
"1,731",MB3822003,รายงานรายละเอียดสินค้าที่ซื้อในเดือนเกิด,MB3822003.rpt,MB,0,
"1,732",MB3803001,รายงานประวัติการขายตามสมาชิกก่อนเดือนเกินย้อนหลัง 6 เดือน,MB3803001.rpt,MB,0,
"1,733",MB3848001,รายงานยอดขายตามสถานภาพ - เพศ หมวด - สินค้า,MB3848001.rpt,MB,0,
"1,735",MB3821005,รายงานรายละเอียดสินค้าที่ซื้อตามหมวด - สมาชิก,MB3821005.rpt,MB,0,
"1,736",MB3821006,รายงานสรุปยอดขายสินค้า ตามหมวด,MB3821006.rpt,MB,0,
"1,737",MB3821008,รายงานสรุปยอดขายตามเอกสาร สมาชิก หมวด,MB3821008.rpt,MB,0,
"1,738",MB3821002,รายงานรายละเอียดยอดขายตามเอกสาร สมาชิก หมวด,MB3821002.rpt,MB,0,
"1,739",MB3846001,รายงานยอดขายตามอาชีพ - เพศ หมวด - สินค้า,MB3846001.rpt,MB,0,
"1,740",MB3847001,รายงานยอดขายตามอายุ - เพศ หมวด - สินค้า,MB3847001.rpt,MB,0,
"1,741",MB3841002,รายงานยอดขายตามอาชีพ - เพศ หมวดสินค้า,MB3841002.rpt,MB,0,
"1,742",MB3846002,รายงานยอดขายตามอาชีพ - เพศ หมวด - สินค้า,MB3846002.rpt,MB,0,
"1,743",MB3851002,รายงานยอดขายตามอาชีพ - เพศ ยี่ห้อ,MB3851002.rpt,MB,0,
"1,744",MB3856002,รายงานยอดขายตามอาชีพ - เพศ ยี่ห้อ - สินค้า,MB3856002.rpt,MB,0,
"1,745",MB3861001,รายงานยอดขายตามอาชีพ - เพศ แคมเปญ,MB3861001.rpt,MB,0,
"1,746",MB3862001,รายงานยอดขายตามอายุ - เพศ แคมเปญ,MB3862001.rpt,MB,0,
"1,747",MB3863001,รายงานยอดขายตามสถานภาพ - เพศ แคมเปญ,MB3863001.rpt,MB,0,
"1,748",MB3801001,รายงานสรุปการแลกแต้มสินค้า สมาชิก,MB3801001.rpt,MB,0,
"1,749",MB3802001,รายงานเคลื่อนไหวแต้มสมาชิก,MB3802001.rpt,MB,0,
"1,750",MB3831001,รายงานสรุปสมาชิกตามอาชีพ - เพศ,MB3831001.rpt,MB,0,
"1,751",MB3832001,รายงานสรุปสมาชิกตามอาชีพ - อายุ,MB3832001.rpt,MB,0,
"1,752",MB3833001,รายงานสรุปสมาชิกตามสถานะภาพ - เพศ,MB3833001.rpt,MB,0,
"1,753",MB3834001,รายงานสรุปสมาชิกตามอายุ - เพศ,MB3834001.rpt,MB,0,
"1,754",CP4605001,รายงานยอดขายสินค้าแคมเปญพร้อมทุน,CP4605001.rpt,CP,0,
"1,755",CP4606001,รายงานยอดขายสินค้านาทีทองพร้อมทุน,CP4606001.rpt,CP,0,
"1,756",CP4605002,รายงานยอดขายสินค้าแคมเปญ,CP4605002.rpt,CP,0,
"1,757",CP4606002,รายงานยอดขายสินค้านาทีทอง,CP4606002.rpt,CP,0,
"1,759",RP10420008,รายงานรายละเอียดยอดขายสินค้าจัดโปรโมชั่น *******,GP104208.rpt,RP,0,
"1,760",RP1042009,รายงานสรุปยอดขายจัดโปรโมชั่น-ตามยี่ห้อและผู้จำหน่ายหลัก ****,GP104209.rpt,RP,0,
"1,761",POS02308013,รายงานสรุปยอดขายรายวันพร้อมยอดเฉลี่ย,POS02313.rpt,POS,0,
"1,762",RP8400001,รายงานแนะนำการสั่งซื้อ แบบที่ 2,IC840001.rpt,RP,0,
"1,763",RP80504004,รายงานสินค้าที่จำนวนมากเกินจำเป็น,IC805004.rpt,RP,0,
"1,764",RP80504003,รายงานแนะนำการสั่งซื้อสินค้า (แสดงหน่วยย่อย),IC805003.rpt,RP,0,
"1,765",RP80504001,รายงานแนะนำการสั่งซื้อสินค้า,IC805001.rpt,RP,0,
"1,766",RP80504002,รายงานจำนวนสินค้าต่ำกว่าจุดสั่งซื้อ,IC805002.rpt,RP,0,
"1,769",RP80504005,รายงานสินค้าที่ต้องสั่งซื้อวันนี้,IC805005.rpt,RP,0,
"1,771",SQL01904003,รายงานสินค้าต่ำกว่าจุดสำรองหรือจุดต่ำสุด- ตามตำแหน่งเก็บ,IC190002.rpt,SQL,300,SKUMOVE
"1,773",SQL01904001,รายงานสินค้า จำนวนเป็นศูนย์- ตามตำแหน่งเก็บ,IC190001.rpt,SQL,451,SKUMOVE
"1,775",SQL10004101,รายงานสรุปยอดซื้อสุทธิตามสินค้า,SA100101.rpt,SQL,1378,SKUMOVE
"1,776",SQL10004102,รายงานสรุปยอดซื้อสุทธิตามประเภทสินค้า,SA100102.rpt,SQL,1368,SKUMOVE
"1,777",SQL10004103,รายงานสรุปยอดซื้อสุทธิตามหมวดสินค้า,SA100103.rpt,SQL,1399,SKUMOVE
"1,778",SQL10004104,รายงานสรุปยอดซื้อสุทธิตามยี่ห้อ,SA100104.rpt,SQL,1364,SKUMOVE
"1,780",SQL10004105,รายงานสรุปยอดซื้อสุทธิตามแผนก,SA100105.rpt,SQL,1394,SKUMOVE
"1,781",SQL10004106,รายงานสรุปยอดซื้อสุทธิตามประเภทและเจ้าหนี้,SA100106.rpt,SQL,1400,SKUMOVE
"1,782",SQL01104016,รายงานยอดซื้อตามเจ้าหนี้รายเดือน,SA011016.rpt,SQL,978,DOCTYPE
"1,784",RP65103001,รายงานใบรับสินค้าพร้อมสินค้าคงเหลือ,IC651001.rpt,RP,0,
"1,785",SQL01050003,ใบส่งของ / ใบกำกับภาษี(รวมสินค้าตามประเภททดแทน),DOC05002.RPT,SQL,1688,DOCINFO
"1,786",SQL10706001,ฟอร์มใบรับคืนฝากขาย - แบบเส้นตาราง,DOC10706.RPT,SQL,3634,DOCINFO
"1,787",SQL11001601,รายงานรายละเอียดใบรับคืนฝากขาย ตามเอกสาร,IC110043_1.rpt,SQL,3013,ARCAT ARCONDITION ARDETAIL ARFILE BRANCH BRAND DEPTTAB DOCINFO DOCTYPE GOODSMASTER ICCAT ICCOLOR ICDEPT ICSIZE PRJTAB SALESMAN SHIPBY SKUALT SKUMASTER SKUMOVE SLDETAIL TRANSTKD TRANSTKH VATTABLE WAREHOUSE WARELOCATION
"1,788",SQL01050002,ใบส่งสินค้าสำหรับ PC,DOC05001.RPT,SQL,1725,DOCINFO
"1,789",SQL10605001,ฟอร์มใบฝากขายสินค้า-แบบเส้นตาราง,DOC10608.RPT,SQL,3619,DOCINFO
"1,790",SQL11001703,ฟอร์มใบบันทึกยอดฝากขายรายวัน-แบบเส้นตาราง,DOC10609.RPT,SQL,3243,DOCINFO
"1,791",SQL11001502,รายงานสรุปเอกสาร - ฝากขาย,IC110211_01.rpt,SQL,1422,TRANSTKH
"1,792",SQL11001701,รายงานใบบันทึกยอดฝากขายรายวัน ตามเอกสาร,IC110044.rpt,SQL,1397,TRANSTKD
"1,793",SQL11001501,รายงานรายละเอียดใบฝากขาย ตามเอกสาร,IC110042.rpt,SQL,3066,ARCAT ARCONDITION ARDETAIL ARFILE BRANCH BRAND DEPTTAB DOCINFO DOCTYPE GOODSMASTER ICCAT ICCOLOR ICDEPT ICSIZE MKTPLAN PRJTAB PRMTPLAN SALESMAN SHIPBY SKUALT SKUMASTER SKUMOVE SLDETAIL TRANSTKD TRANSTKH VATTABLE WAREHOUSE WARELOCATION
"1,794",SQL11001602,รายงานสรุปเอกสาร - รับคืนฝากขาย,IC110214.rpt,SQL,1695,TRANSTKH
"1,795",SQL11001702,รายงานสรุปเอกสาร - ใบบันทึกยอดฝากขายรายวัน,IC110215.rpt,SQL,1986,DOCINFO
"1,800",SQL11001704,ฟอร์มใบบันทึกยอดรับคืนฝากขายรายวัน-แบบเส้นตาราง,DOC10610.RPT,SQL,3059,ADDRBOOK ARCONDITION ARFILE AROE DEPTTAB DOCINFO DOCTYPE GOODSMASTER PRJTAB SHIPBY SKUMASTER SKUMOVE TRANSTKD TRANSTKH WAREHOUSE WARELOCATION
"1,801",SQL11001705,รายงานใบบันทึกยอดคืนฝากขายรายวัน ตามเอกสาร,IC110048.rpt,SQL,1397,TRANSTKD
"1,802",SQL11001706,รายงานสรุปเอกสาร - ใบบันทึกยอดคืนฝากขายรายวัน,IC110223.rpt,SQL,1986,DOCINFO
"1,804",SQL00201001,รายงานการรับฝากขาย,GP101001.RPT,SQL,861,SKUMOVE
"1,805",SQL00201002,รายงานสรุปยอดขายและต้นทุนรับฝากตามผู้จำหน่ายหลัก,GP101002.RPT,SQL,861,SKUMOVE
"1,806",SQL00201003,รายชื่อสินค้ารับฝากขายที่มีข้อตกลงพิเศษ-ตามผู้จำหน่ายหลัก,GP101003.RPT,SQL,2407,PURCQUOTATION SKUMASTER
"1,808",RP653010001,รายงานปิดบัญชีหน่วยรถ,IC653001.rpt,RP,0,
"1,809",ASSORT-FRM1066,ใบส่งของ (ฝากขาย) (Assort),DOC10608.Assort6.RPT,ASSORT,0,
"1,810",ASSORT-FRM1068,ใบรับคืน (ฝากขาย) (Assort),DOC10608.Assort8.RPT,ASSORT,0,
"1,811",ASSORT-FRM1065,ใบส่งของ/ใบกำกับภาษี (ฝากขาย) (Assort),DOC10608.Assort5.RPT,ASSORT,0,
"1,812",ASSORT-FRM1067,ใบรับคืน/ใบลดหนี้/ใบกำกับภาษี (ฝากขาย) (Assort),DOC10608.Assort7.RPT,ASSORT,0,
"1,814",SQL19000004,รายงานการเปลี่ยนราคาขายสินค้า,IC190004.rpt,SQL,532,ARPLU ARPRICETAB GOODSMASTER ICCAT ICCOLOR ICDEPT ICSIZE PRICECHANGE SKUALT SKUMASTER
"1,815",SQL12000008,รายงานจัดลำดับยอดขายสินค้า - ตามรุ่น,SA120008.RPT,SQL,1489,ARCAT ARDETAIL ARFILE BRANCH BRAND DEPTTAB DOCINFO DOCTYPE ICCAT ICCOLOR ICDEPT ICSIZE PRJTAB SALESMAN SKUALT SKUMASTER SKUMOVE SLDETAIL TRANSTKH UOFQTY WAREHOUSE WARELOCATION
"1,816",ASSORT-FRM1061,ใบส่งของ/ใบกำกับภาษี (Assort),DOC10602.Assort1.RPT,ASSORT,0,
"1,817",ASSORT-FRM1062,ใบส่งของ (Assort),DOC10602.Assort2.RPT,ASSORT,0,
"1,819",ASSORT-FRM1063,ใบรับคืน/ใบลดหนี้/ใบกำกับภาษี (Assort),DOC10602.Assort3.RPT,ASSORT,0,
"1,820",ASSORT-FRM1064,ใบรับคืน (Assort),DOC10602.Assort4.RPT,ASSORT,0,
"1,821",RP6690001,รายงานแสดงยอดขายสินค้าตามรุ่น,IC669001.rpt,RP,0,
"1,822",RP6690002,รายงานแสดงยอดขายสินค้าตามสี,IC669002.rpt,RP,0,
"1,824",RP8420001,"รายงานยอดเสนอราคาเทียบทุน,กำไร",IC842001.rpt,RP,0,
"1,825",RP8430001,"รายงานยอดเสนอราคาเทียบทุน,กำไร ตามลูกค้า",IC843001.rpt,RP,0,
"1,826",RP8440001,"รายงานยอดเสนอราคาเทียบทุน,กำไร ตามพนักงานขาย",IC844001.rpt,RP,0,
"1,827",RP8450001,"รายงานยอดเสนอราคาเทียบทุน,กำไร ตามโครงการ",IC845001.rpt,RP,0,
"1,828",RP6620002,รายงานสินค้าค้างส่งตามใบจองและผู้จำหน่ายหลักรวมทุก ตน.เก็บ,IC662002.rpt,RP,0,
"1,829",RP8420002,รายงานกำไร (ขาดทุน) ยอดเสนอราคาเทียบทุน (ทุนฝ่ายขาย),IC842002.rpt,RP,0,
"1,831",RP8420003,"รายงานใบเสนอราคาเปรียบเทียบ ทุน, กำไร ตามเอกสาร",IC842003.rpt,RP,0,
"1,832",SQL106010405104,ใบกำกับภาษี (เปลี่ยนรายการในบิล),DOC10605.KT104.RPT,SQL,3944,ADDRBOOK ARCONDITION ARDETAIL ARFILE DEPTTAB DOCINFO DOCTYPE GOODSMASTER PRJTAB SALESMAN SHIPBY SKUMASTER SLDETAIL TRANSTKD TRANSTKH VATTABLE WAREHOUSE WARELOCATION
"1,833",SQL106010405103,ใบรับคืน (เปลี่ยนรายการในบิล),DOC10605.KT103.RPT,SQL,3966,ADDRBOOK ARCONDITION ARDETAIL ARFILE DEPTTAB DOCINFO DOCTYPE GOODSMASTER PRJTAB SALESMAN SHIPBY SKUMASTER SLDETAIL TRANSTKD TRANSTKH VATTABLE WAREHOUSE WARELOCATION
"1,834",SQL106010405101,ใบจัดซื้อ (คณะกรรมการ),DOC10605.KT101.rpt,SQL,2156,ADDRBOOK ARCONDITION ARCONTACT ARDETAIL ARFILE CONTACT DOCINFO DOCTYPE SHIPBY TRANSTKD TRANSTKH
"1,836",SQL106010405102,ใบส่งของ (เปลี่ยนรายการในบิล),DOC10605.KT102.RPT,SQL,3944,ADDRBOOK ARCONDITION ARDETAIL ARFILE DEPTTAB DOCINFO DOCTYPE GOODSMASTER PRJTAB SALESMAN SHIPBY SKUMASTER SLDETAIL TRANSTKD TRANSTKH VATTABLE WAREHOUSE WARELOCATION
"1,837",RP6620001,รายงานสินค้าค้างส่งตามผู้จำหน่ายหลัก,IC662001.rpt,RP,0,
"1,838",RP6630001,รายงานสินค้าค้างส่งตามพนักงานขาย,IC663001.rpt,RP,0,
"1,839",RP6640001,รายงานสินค้าค้างส่งตามโครงการ,IC664001.rpt,RP,0,
"1,840",RP6650001,รายงานสินค้าค้างส่งตามพนักงานขายและโครงการ,IC665001.rpt,RP,0,
"1,841",SQL106010405105,ใบรับคืน/ใบลดหนี้/ใบกำกับภาษี (เปลี่ยนรายการในบิล),DOC10605.KT105.RPT,SQL,3966,ADDRBOOK ARCONDITION ARDETAIL ARFILE DEPTTAB DOCINFO DOCTYPE GOODSMASTER PRJTAB SALESMAN SHIPBY SKUMASTER SLDETAIL TRANSTKD TRANSTKH VATTABLE WAREHOUSE WARELOCATION
"1,842",RP6730001,รายงานสรุปสินค้าฝากขายคงเหลือในคลัง พร้อมทุนจริง,IC673001.rpt,RP,0,
"1,843",RP6750001,รายงานสรุปการเคลื่อนไหวสินค้าฝากขาย ตามคลังและตำแหน่งเก็บ,IC675001.rpt,RP,0,
"1,845",RP6740001,รายงานสต็อกการ์ดสินค้าฝากขาย,IC674001.rpt,RP,0,
"1,846",RP16404007,รายงานสรุปการเคลื่อนไหวสินค้าตามคลัง ไม่แสดงทุนคลังฝากขาย,IC164007.rpt,RP,0,
"1,847",RP16104016,รายงานสรุปสินค้าคงเหลือในคลัง พร้อมทุนปัจจุบัน,IC161016.rpt,RP,0,
"1,848",RP161012012,รายงานสรุปสินค้าคงเหลือในคลัง ตามประเภท พร้อมทุนปัจจุบัน,IC161017.rpt,RP,0,
"1,849",RP16104018,รายงานสรุปสินค้าคงเหลือในคลัง ตามหมวด พร้อมทุนปัจจุบัน,IC161018.rpt,RP,0,
"1,850",RP16104019,รายงานสรุปสินค้าคงเหลือในคลัง ตามยี่ห้อ พร้อมทุนปัจจุบัน,IC161019.rpt,RP,0,
"1,852",RP16704005,รายงานสินค้าและวัตถุดิบ สำหรับคลังฝากขาย,IC167005.rpt,RP,0,
"1,855",RP1950001,รายงานสูตรแปรรูป,IC195001.rpt,RP,0,
"1,856",RP1870001,รายงานรายละเอียดขั้นตอนการผลิตตามใบจองสินค้า,IC187001.rpt,RP,0,
"1,857",RP1870002,ฟอร์มใบสั่งผลิต,IC187002.rpt,RP,0,
"1,858",RP1890001,รายงานสรุปวัตถุดิบที่ต้องการใช้ในการแปรรูป,IC189001.rpt,RP,0,
"1,859",RP1810001,รายงานรายละเอียดใบขอแปรรูปคงค้าง ตามเอกสาร,IC181001.rpt,RP,0,
"1,860",RP1830001,รายงานรายละเอียดใบขอผลิตคงค้าง ตามเอกสาร,IC183001.rpt,RP,0,
"1,861",RP1820001,รายงานรายละเอียดใบขอเบิกคงค้าง ตามเอกสาร,IC182001.rpt,RP,0,
"1,862",RP1800010001,รายงานวัตถุดิบที่ใช้ในการผลิต,IC180001.rpt,RP,0,
"1,863",RP1880001,รายงานสรุปขั้นตอนการผลิตตามใบจองสินค้า,IC188001.rpt,RP,0,
"1,864",RP1910001,รายงานสรุปสินค้าคงเหลือตามประเภทการลงบัญชี,IC191001.rpt,RP,0,
"1,865",RP1900006,รายงานประสิทธิภาพเครื่องจักร แบบที่ 1 รายละเอียดตามเอกสาร,IC190006.rpt,RP,0,
"1,866",RP1900007,รายงานประสิทธิภาพเครื่องจักร แบบที่ 2 สรุปรวมทุกเอกสาร,IC190007.rpt,RP,0,
"1,867",RP6680001,รายงานสินค้าคงเหลือตามรุ่น,IC668001.rpt,RP,0,
"1,868",RP6680002,รายงานสินค้าคงเหลือตามสี,IC668002.rpt,RP,0,
"1,869",RP6680003,รายงานสินค้าคงเหลือตามตำแหน่งเก็บ,IC668003.rpt,RP,0,
"1,870",RP1850002,รายงานเคลื่อนไหวสินค้าตามคลังและตำแหน่งเก็บ ตามรุ่นสินค้า,IC185002.rpt,RP,0,
"1,871",RP1850001,รายงานสต็อกการ์ด พร้อมทุน ตามรุ่นสินค้า,IC185001.rpt,RP,0,
"1,872",POS320001,รายงานสรุปยอดขายตามสาขาและประเภทสินค้า (CrossTab),POS32001.rpt,POS,0,
"1,873",POS320002,รายงานสรุปยอดขายตามสาขาและหมวดสินค้า (CrossTab),POS32002.rpt,POS,0,
"1,874",POS320003,รายงานสรุปยอดขายตามสาขาและยี่ห้อสินค้า (CrossTab),POS32003.rpt,POS,0,
"1,875",POS320004,รายงานสรุปยอดขายตามสาขาและผู้จำหน่ายหลัก (CrossTab),POS32004.rpt,POS,0,
"1,876",POS320005,รายงานสรุปยอดขายแต่ละวันตามสาขา (CrossTab),POS32005.rpt,POS,0,
"1,877",RP84030001,รายงานแสดงสินค้าที่ขายขาดทุน 6 เดือน ตามประเภทประเภททดแทน,IC8403001.rpt,RP,0,
"1,878",RP84010001,รายงานวิเคราะห์สต็อกเรโชตามประเภททดแทน,IC8401001.rpt,RP,0,
"1,879",RP84020001,รายงานแสดงสินค้าไม่มียอดขาย ตามประเภททดแทน,IC8402001.rpt,RP,0,
"1,880",RP84040001,รายงานวิเคราะห์มูลค่าสินค้าคงเหลือ ตามประเภททดแทน,IC8404001.rpt,RP,0,
"1,881",RP84050001,รายงานแนวโน้มสินค้าตามประเภททดแทน,IC8405001.rpt,RP,0,
"1,882",RP4680001,งบกระแสเงินสด (ทางตรง),GL468001.rpt,RP,0,
"1,883",RP4690001,รายงานกระแสเงินสด (ทางอ้อม),GL469001.rpt,RP,0,
"1,884",RP4700001,รายงานแสดงวิธีคำนวณงบกระแสเงินสด (ทางตรง),GL470001.rpt,RP,0,
"1,885",RP4710001,รายงานแสดงวิธีคำนวณงบกระแสเงินสด (ทางอ้อม),GL471001.rpt,RP,0,
"1,886",SQL120008.NICH1,รายงานสรุปยอดลูกหนี้ เปรียบเทียบเป้าขายตามรุ่นของสินค้า,SA120008.NICH1.RPT,SQL,655,ARCAT ARDETAIL ARFILE BRAND DOCINFO DOCTYPE ICCAT ICDEPT SKUALT SKUMASTER SKUMOVE
"1,887",SQL120008.NICH2,รายงานจัดอันดับยอดขายสินค้าตามประเภททดแทน,SA120008.NICH2.RPT,SQL,1477,ARCAT ARDETAIL ARFILE BRANCH BRAND DEPTTAB DOCINFO DOCTYPE ICCAT ICCOLOR ICDEPT ICSIZE PRJTAB SALESMAN SKUALT SKUMASTER SKUMOVE SLDETAIL TRANSTKH UOFQTY WAREHOUSE WARELOCATION
"1,888",RP454001_EN,Balance Sheet,GL454001_EN.rpt,RP,0,
"1,889",RP455001_EN,Profit & Loss Statement,GL455001_EN.rpt,RP,0,
"1,890",RP456001_EN,Cost of Goods sold Statement,GL456001_EN.rpt,RP,0,
"1,891",RP469001_EN,Cash Flow Statement Indirect Method,GL469001_EN.rpt,RP,0,
"1,892",RP468001_EN,Cash Flow Statement Direct Method,GL468001_EN.rpt,RP,0,
"1,893",RP6660001,รายงานการกำหนดรายละเอียดการเติมเต็ม,IC666001.rpt,RP,0,
"1,894",RP6670001,รายงานสินค้าไม่มีรายละเอียดเติมเต็ม,IC667001.rpt,RP,0,
"1,895",SQL01003,ใบขอโอนย้ายสินค้า เติมเต็ม,DOC01003.rpt,SQL,2532,APFILE ARPRICETAB DEPTTAB DOCINFO DOCTYPE GOODSMASTER PRJTAB SKUAP SKUMASTER SKUMOVE SKUWARELOCATION TRANSTKD TRANSTKH WAREHOUSE WARELOCATION
"1,896",SQL10306,ใบรับสินค้าจากซื้อ (ชั้นวาง),DOC10306.RPT,SQL,3751,ADDRBOOK APCONDITION APDETAIL APFILE DEPTTAB DOCINFO DOCTYPE GOODSMASTER PRJTAB SHIPBY SKUMASTER SKUWARELOCATION TRANSTKD TRANSTKH VATTABLE WAREHOUSE WARELOCATION
"1,897",FRM110004-06,ขย.13 รายงานการขายยา,IC10004-06_NICHE.rpt,FRM,0,
"1,898",FRM110004-04,ขย.10 บัญชีการขายยาควบคุมพิเศษ,IC10004-04_NICHE.rpt,FRM,0,
"1,899",FRM110004-05,ขย.11 บัญชีการขายยาอันตราย,IC10004-05_NICHE.rpt,FRM,0,
"1,900",FRM110004-03,ขย.12 บัญชีการขาย,IC10004_03_NICHE.rpt,FRM,0,
"1,901",FRM110004,ขย.9 รายงานซื้อยา,IC10004-02_NICHE.rpt,FRM,0,
"1,902",FRM1210103_NICHE,ฟอร์มใบเสร็จรับเงิน,DOC12103_NICHE.rpt,FRM,0,
"1,903",SQL11001201NICHE,ประวัติการรักษา,IC110046_02_NICHE.rpt,SQL,1292,ARDETAIL ARFILE BRANCH BRAND DEPTTAB DOCINFO DOCTYPE ICCAT ICCOLOR ICDEPT ICSIZE MKTPLAN PRJTAB PRMTPLAN SALESMAN SKUALT SKUMASTER SKUMOVE SLDETAIL TRANSTKD TRANSTKH UOFQTY WAREHOUSE WARELOCATION
"1,904",SQL1101201_NICHE,ฉลากพิมพ์ยาแปะซอง,DOC12102_NICHE.rpt,SQL,3107,DOCINFO
"1,905",SQLPDA1002,รายงานตรวจสอบการบันทึกเอกสาร BplusCollector แบบสรุป,PDA1002.rpt,SQLPDA,568,PDACONFIG PDAHEAD USERTAB WARELOCATION
"1,906",SQLPDA1001,รายงานตรวจสอบการบันทึกเอกสาร BplusCollector แบบละเอียด,PDA1001.rpt,SQLPDA,892,GOODSMASTER PDACONFIG PDADATA PDAHEAD SKUMASTER USERTAB WARELOCATION
"10,001",1FRM1060102,Popstar-ใบขายเชื่อ,DOC10602_เชื่อ.ใบกำกับภาษี.rpt,,0,
"10,002",1FRM1210102,Popstar-ใบขายสด,DOC12102_สด.ใบกำกับภาษี.rpt,,0,
"10,003",2FRM1060102,Popstar-ใบขายเชื่อ(ใบส่งของชั่วคราว),DOC10602_เชื่อ.ใบส่งสินค้าชั่วคราว.rpt,,0,
"10,004",2FRM1210102,Popstar-ใบขายสด (ใบส่งของชั่วคราว),DOC12102_สด.ใบส่งสินค้าชั่วคราว.rpt,,0,
"10,005",2FRM1050102,Popstar-ใบจอง(ใบส่งของชั่วคราว),DOC10502_จอง.ใบส่งสินค้าชั่ว_editlogoคราว.rpt,,0,
"10,006",สำเนาSQL09001001,สำเนารายงานรายละเอียดใบขอซื้อ ตามเอกสาร,IC090001.rpt,,1576,DOCINFO
"10,007",สำเนาPOS01008001,สำเนา*รายงานยอดขายสินค้า,POS01001.rpt,,0,
"10,008",สำเนาSQL03004007,สำเนาสรุปสินค้าคงเหลือ - ตามเลขที่กำกับ - แบบสรุป (ไม่แสดงท,IC030005.rpt,,579,BRAND DOCINFO DOCTYPE ICCAT ICDEPT SKUMASTER SKUMOVE UOFQTY WAREHOUSE WARELOCATION
"10,011",TEST2FRM1050102,test Popstar-ใบจอง(ใบส่งของชั่วคราว),DOC10502_จอง.ใบส่งสินค้าชั่วคราว.rpt,TEST,0,
"10,031",POPSTAR2022,รวมใบจอง,Popstr2022.rpt,POPSTAR,2594,DOCINFO
"10,033",POPDEV2022,ใบจองปริ้นแนวตั้ง,PopPRO2022.rpt,POPDEV,2581,DOCINFO
"10,034",POPSTAR2022-1,รวมใบจองสินค้า,Popstr2022-1.rpt,POPSTAR,2594,DOCINFO
"10,036",สำเนาSQL11001002,สำเนารายงานรายละเอียดยอดขายสินค้า ตามเอกสาร,IC110002.rpt,,2836,ARCAT ARCONDITION ARDETAIL ARFILE BRANCH BRAND DEPTTAB DOCINFO DOCTYPE GOODSMASTER ICCAT ICCOLOR ICDEPT ICSIZE MKTPLAN PRJTAB PRMTPLAN SALESMAN SHIPBY SKUALT SKUMASTER SLDETAIL TRANSTKD TRANSTKH VATTABLE WAREHOUSE WARELOCATION
"10,037",สำเนาSQL03004007,สำเนาสรุปสินค้าคงเหลือ - ตามเลขที่กำกับ - แบบสรุป (ไม่แสดงท,IC030005.rpt,,579,BRAND DOCINFO DOCTYPE ICCAT ICDEPT SKUMASTER SKUMOVE UOFQTY WAREHOUSE WARELOCATION
"10,038",สำเนาSQL03004006,สำเนารายงานสินค้าคงเหลือ ตามเลขที่กำกับ (Serial) - ไม่แสดงทุ,IC030002.rpt,,967,BRAND DOCINFO DOCTYPE ICCAT ICDEPT SKUMASTER SKUMOVE UOFQTY WAREHOUSE WARELOCATION
"10,039",สำเนาSQL03004009,สำเนารายงานรายละเอียดสินค้าคงเหลือ ตามคลัง - ไม่แสดงทุน,IC030007.rpt,,882,BRAND DOCINFO DOCTYPE ICCAT ICDEPT SKUMASTER SKUMOVE UOFQTY WAREHOUSE WARELOCATION
